--------------------------------------------------------
-- Archivo creado  - lunes-noviembre-03-2025   
--------------------------------------------------------
REM INSERTING into APP_OWNER.APLICACIONES_CUPON_CARRITO
SET DEFINE OFF;
Insert into APP_OWNER.APLICACIONES_CUPON_CARRITO (DESCUENTO_ESTIMADO,APLICADO_EN,USUARIO_ID,PEDIDO_ID,CUPON_ID) values ('1,2',to_timestamp_tz('01/11/25 02:36:31,323118000 AM GMT','DD/MM/RR HH12:MI:SSXFF AM TZR'),'1','11','1');
Insert into APP_OWNER.APLICACIONES_CUPON_CARRITO (DESCUENTO_ESTIMADO,APLICADO_EN,USUARIO_ID,PEDIDO_ID,CUPON_ID) values ('1,8',to_timestamp_tz('01/11/25 02:36:31,433221000 AM GMT','DD/MM/RR HH12:MI:SSXFF AM TZR'),'2','12','2');
Insert into APP_OWNER.APLICACIONES_CUPON_CARRITO (DESCUENTO_ESTIMADO,APLICADO_EN,USUARIO_ID,PEDIDO_ID,CUPON_ID) values ('5',to_timestamp_tz('01/11/25 02:36:31,525187000 AM GMT','DD/MM/RR HH12:MI:SSXFF AM TZR'),'3','13','3');
Insert into APP_OWNER.APLICACIONES_CUPON_CARRITO (DESCUENTO_ESTIMADO,APLICADO_EN,USUARIO_ID,PEDIDO_ID,CUPON_ID) values ('7',to_timestamp_tz('01/11/25 02:36:31,616755000 AM GMT','DD/MM/RR HH12:MI:SSXFF AM TZR'),'4','14','4');
Insert into APP_OWNER.APLICACIONES_CUPON_CARRITO (DESCUENTO_ESTIMADO,APLICADO_EN,USUARIO_ID,PEDIDO_ID,CUPON_ID) values ('1,44',to_timestamp_tz('01/11/25 02:36:31,712250000 AM GMT','DD/MM/RR HH12:MI:SSXFF AM TZR'),'5','15','5');
Insert into APP_OWNER.APLICACIONES_CUPON_CARRITO (DESCUENTO_ESTIMADO,APLICADO_EN,USUARIO_ID,PEDIDO_ID,CUPON_ID) values ('2,4',to_timestamp_tz('01/11/25 02:36:31,804059000 AM GMT','DD/MM/RR HH12:MI:SSXFF AM TZR'),'6','16','6');
Insert into APP_OWNER.APLICACIONES_CUPON_CARRITO (DESCUENTO_ESTIMADO,APLICADO_EN,USUARIO_ID,PEDIDO_ID,CUPON_ID) values ('3',to_timestamp_tz('01/11/25 02:36:31,897549000 AM GMT','DD/MM/RR HH12:MI:SSXFF AM TZR'),'7','17','7');
Insert into APP_OWNER.APLICACIONES_CUPON_CARRITO (DESCUENTO_ESTIMADO,APLICADO_EN,USUARIO_ID,PEDIDO_ID,CUPON_ID) values ('3',to_timestamp_tz('01/11/25 02:36:31,989027000 AM GMT','DD/MM/RR HH12:MI:SSXFF AM TZR'),'8','18','8');
Insert into APP_OWNER.APLICACIONES_CUPON_CARRITO (DESCUENTO_ESTIMADO,APLICADO_EN,USUARIO_ID,PEDIDO_ID,CUPON_ID) values ('2',to_timestamp_tz('01/11/25 02:36:32,082560000 AM GMT','DD/MM/RR HH12:MI:SSXFF AM TZR'),'9','19','9');
Insert into APP_OWNER.APLICACIONES_CUPON_CARRITO (DESCUENTO_ESTIMADO,APLICADO_EN,USUARIO_ID,PEDIDO_ID,CUPON_ID) values ('5',to_timestamp_tz('01/11/25 02:36:32,197088000 AM GMT','DD/MM/RR HH12:MI:SSXFF AM TZR'),'10','20','10');
REM INSERTING into APP_OWNER.ATRIBUTOS
SET DEFINE OFF;
Insert into APP_OWNER.ATRIBUTOS (ID,CODIGO_ATRIBUTO,NOMBRE_ES,NOMBRE_EN,TIPO_DATO,ES_FILTRABLE) values ('1','TAMANO','Tamaño','Size','texto','S');
Insert into APP_OWNER.ATRIBUTOS (ID,CODIGO_ATRIBUTO,NOMBRE_ES,NOMBRE_EN,TIPO_DATO,ES_FILTRABLE) values ('2','SABOR','Sabor','Flavor','texto','S');
Insert into APP_OWNER.ATRIBUTOS (ID,CODIGO_ATRIBUTO,NOMBRE_ES,NOMBRE_EN,TIPO_DATO,ES_FILTRABLE) values ('3','ORGANICO','Orgánico','Organic','booleano','N');
Insert into APP_OWNER.ATRIBUTOS (ID,CODIGO_ATRIBUTO,NOMBRE_ES,NOMBRE_EN,TIPO_DATO,ES_FILTRABLE) values ('4','PRESENTACION','Presentación','Presentation','texto','N');
REM INSERTING into APP_OWNER.CARRITOS
SET DEFINE OFF;
Insert into APP_OWNER.CARRITOS (ID,PERFIL_ID,TOKEN_SESION,ESTADO,CUPON_ID,CREADO_EN,ACTUALIZADO_EN) values ('1','1',null,'activo','1',to_timestamp_tz('03/11/25 04:58:21,138953000 PM GMT','DD/MM/RR HH12:MI:SSXFF AM TZR'),to_timestamp_tz('03/11/25 05:58:21,138953000 PM GMT','DD/MM/RR HH12:MI:SSXFF AM TZR'));
Insert into APP_OWNER.CARRITOS (ID,PERFIL_ID,TOKEN_SESION,ESTADO,CUPON_ID,CREADO_EN,ACTUALIZADO_EN) values ('2','2',null,'activo','2',to_timestamp_tz('03/11/25 03:58:21,236100000 PM GMT','DD/MM/RR HH12:MI:SSXFF AM TZR'),to_timestamp_tz('03/11/25 05:58:21,236100000 PM GMT','DD/MM/RR HH12:MI:SSXFF AM TZR'));
Insert into APP_OWNER.CARRITOS (ID,PERFIL_ID,TOKEN_SESION,ESTADO,CUPON_ID,CREADO_EN,ACTUALIZADO_EN) values ('3','3',null,'activo',null,to_timestamp_tz('03/11/25 05:28:21,330943000 PM GMT','DD/MM/RR HH12:MI:SSXFF AM TZR'),to_timestamp_tz('03/11/25 05:58:21,330943000 PM GMT','DD/MM/RR HH12:MI:SSXFF AM TZR'));
Insert into APP_OWNER.CARRITOS (ID,PERFIL_ID,TOKEN_SESION,ESTADO,CUPON_ID,CREADO_EN,ACTUALIZADO_EN) values ('4','4',null,'abandonado',null,to_timestamp_tz('31/10/25 05:58:21,428441000 PM GMT','DD/MM/RR HH12:MI:SSXFF AM TZR'),to_timestamp_tz('01/11/25 05:58:21,428441000 PM GMT','DD/MM/RR HH12:MI:SSXFF AM TZR'));
Insert into APP_OWNER.CARRITOS (ID,PERFIL_ID,TOKEN_SESION,ESTADO,CUPON_ID,CREADO_EN,ACTUALIZADO_EN) values ('5','5',null,'cerrado','5',to_timestamp_tz('02/11/25 05:58:21,523088000 PM GMT','DD/MM/RR HH12:MI:SSXFF AM TZR'),to_timestamp_tz('02/11/25 06:58:21,523088000 PM GMT','DD/MM/RR HH12:MI:SSXFF AM TZR'));
Insert into APP_OWNER.CARRITOS (ID,PERFIL_ID,TOKEN_SESION,ESTADO,CUPON_ID,CREADO_EN,ACTUALIZADO_EN) values ('6','6',null,'activo','6',to_timestamp_tz('03/11/25 05:48:21,617935000 PM GMT','DD/MM/RR HH12:MI:SSXFF AM TZR'),to_timestamp_tz('03/11/25 05:58:21,617935000 PM GMT','DD/MM/RR HH12:MI:SSXFF AM TZR'));
Insert into APP_OWNER.CARRITOS (ID,PERFIL_ID,TOKEN_SESION,ESTADO,CUPON_ID,CREADO_EN,ACTUALIZADO_EN) values ('7',null,'ANON_TOKEN_XYZ123','activo',null,to_timestamp_tz('03/11/25 05:53:21,713755000 PM GMT','DD/MM/RR HH12:MI:SSXFF AM TZR'),to_timestamp_tz('03/11/25 05:58:21,713755000 PM GMT','DD/MM/RR HH12:MI:SSXFF AM TZR'));
Insert into APP_OWNER.CARRITOS (ID,PERFIL_ID,TOKEN_SESION,ESTADO,CUPON_ID,CREADO_EN,ACTUALIZADO_EN) values ('8',null,'ANON_TOKEN_ABC456','abandonado',null,to_timestamp_tz('30/10/25 05:58:21,808989000 PM GMT','DD/MM/RR HH12:MI:SSXFF AM TZR'),to_timestamp_tz('31/10/25 05:58:21,808989000 PM GMT','DD/MM/RR HH12:MI:SSXFF AM TZR'));
Insert into APP_OWNER.CARRITOS (ID,PERFIL_ID,TOKEN_SESION,ESTADO,CUPON_ID,CREADO_EN,ACTUALIZADO_EN) values ('9','7',null,'activo',null,to_timestamp_tz('03/11/25 04:58:21,903793000 PM GMT','DD/MM/RR HH12:MI:SSXFF AM TZR'),to_timestamp_tz('03/11/25 05:58:21,903793000 PM GMT','DD/MM/RR HH12:MI:SSXFF AM TZR'));
Insert into APP_OWNER.CARRITOS (ID,PERFIL_ID,TOKEN_SESION,ESTADO,CUPON_ID,CREADO_EN,ACTUALIZADO_EN) values ('10','8',null,'activo','8',to_timestamp_tz('03/11/25 05:38:21,997574000 PM GMT','DD/MM/RR HH12:MI:SSXFF AM TZR'),to_timestamp_tz('03/11/25 05:58:21,997574000 PM GMT','DD/MM/RR HH12:MI:SSXFF AM TZR'));
REM INSERTING into APP_OWNER.CART_ITEMS
SET DEFINE OFF;
Insert into APP_OWNER.CART_ITEMS (ID,CARRITO_ID,PRODUCTO_ID,VARIANTE_ID,CANTIDAD,PRECIO_UNITARIO_OBSERVADO) values ('1','1','70','1','1','12');
Insert into APP_OWNER.CART_ITEMS (ID,CARRITO_ID,PRODUCTO_ID,VARIANTE_ID,CANTIDAD,PRECIO_UNITARIO_OBSERVADO) values ('2','1','33','5','2','6,5');
Insert into APP_OWNER.CART_ITEMS (ID,CARRITO_ID,PRODUCTO_ID,VARIANTE_ID,CANTIDAD,PRECIO_UNITARIO_OBSERVADO) values ('3','2','36','3','3','10');
Insert into APP_OWNER.CART_ITEMS (ID,CARRITO_ID,PRODUCTO_ID,VARIANTE_ID,CANTIDAD,PRECIO_UNITARIO_OBSERVADO) values ('4','3','70','2','10','4,5');
Insert into APP_OWNER.CART_ITEMS (ID,CARRITO_ID,PRODUCTO_ID,VARIANTE_ID,CANTIDAD,PRECIO_UNITARIO_OBSERVADO) values ('5','4','33','6','1','7');
Insert into APP_OWNER.CART_ITEMS (ID,CARRITO_ID,PRODUCTO_ID,VARIANTE_ID,CANTIDAD,PRECIO_UNITARIO_OBSERVADO) values ('6','5','36','4','2','10');
Insert into APP_OWNER.CART_ITEMS (ID,CARRITO_ID,PRODUCTO_ID,VARIANTE_ID,CANTIDAD,PRECIO_UNITARIO_OBSERVADO) values ('7','7','33','5','1','6,5');
Insert into APP_OWNER.CART_ITEMS (ID,CARRITO_ID,PRODUCTO_ID,VARIANTE_ID,CANTIDAD,PRECIO_UNITARIO_OBSERVADO) values ('8','9','70','1','1','12');
Insert into APP_OWNER.CART_ITEMS (ID,CARRITO_ID,PRODUCTO_ID,VARIANTE_ID,CANTIDAD,PRECIO_UNITARIO_OBSERVADO) values ('9','9','36','3','1','10');
Insert into APP_OWNER.CART_ITEMS (ID,CARRITO_ID,PRODUCTO_ID,VARIANTE_ID,CANTIDAD,PRECIO_UNITARIO_OBSERVADO) values ('10','10','33','6','4','7');
REM INSERTING into APP_OWNER.CUPONES
SET DEFINE OFF;
Insert into APP_OWNER.CUPONES (CODIGO,TIPO_DESCUENTO,VALOR_DESCUENTO,SUBTOTAL_MINIMO,USOS_MAXIMOS_GLOBAL,USOS_MAXIMOS_POR_USUARIO,VIGENTE_DESDE,VIGENTE_HASTA,ACTIVO,CREADO_EN,ACTUALIZADO_EN,ID) values ('WELCOME10','porcentaje','10',null,null,'1',to_timestamp_tz('31/10/25 02:36:28,322211000 AM GMT','DD/MM/RR HH12:MI:SSXFF AM TZR'),to_timestamp_tz('01/12/25 02:36:28,322211000 AM GMT','DD/MM/RR HH12:MI:SSXFF AM TZR'),'S',to_timestamp_tz('01/11/25 02:36:28,322211000 AM GMT','DD/MM/RR HH12:MI:SSXFF AM TZR'),to_timestamp_tz('01/11/25 02:36:28,322211000 AM GMT','DD/MM/RR HH12:MI:SSXFF AM TZR'),'1');
Insert into APP_OWNER.CUPONES (CODIGO,TIPO_DESCUENTO,VALOR_DESCUENTO,SUBTOTAL_MINIMO,USOS_MAXIMOS_GLOBAL,USOS_MAXIMOS_POR_USUARIO,VIGENTE_DESDE,VIGENTE_HASTA,ACTIVO,CREADO_EN,ACTUALIZADO_EN,ID) values ('SAVE15','porcentaje','15',null,null,null,to_timestamp_tz('30/10/25 02:36:28,446201000 AM GMT','DD/MM/RR HH12:MI:SSXFF AM TZR'),to_timestamp_tz('26/11/25 02:36:28,446201000 AM GMT','DD/MM/RR HH12:MI:SSXFF AM TZR'),'S',to_timestamp_tz('01/11/25 02:36:28,446201000 AM GMT','DD/MM/RR HH12:MI:SSXFF AM TZR'),to_timestamp_tz('01/11/25 02:36:28,446201000 AM GMT','DD/MM/RR HH12:MI:SSXFF AM TZR'),'2');
Insert into APP_OWNER.CUPONES (CODIGO,TIPO_DESCUENTO,VALOR_DESCUENTO,SUBTOTAL_MINIMO,USOS_MAXIMOS_GLOBAL,USOS_MAXIMOS_POR_USUARIO,VIGENTE_DESDE,VIGENTE_HASTA,ACTIVO,CREADO_EN,ACTUALIZADO_EN,ID) values ('MENOS5','monto','5',null,null,null,to_timestamp_tz('29/10/25 02:36:28,535753000 AM GMT','DD/MM/RR HH12:MI:SSXFF AM TZR'),to_timestamp_tz('21/11/25 02:36:28,535753000 AM GMT','DD/MM/RR HH12:MI:SSXFF AM TZR'),'S',to_timestamp_tz('01/11/25 02:36:28,535753000 AM GMT','DD/MM/RR HH12:MI:SSXFF AM TZR'),to_timestamp_tz('01/11/25 02:36:28,535753000 AM GMT','DD/MM/RR HH12:MI:SSXFF AM TZR'),'3');
Insert into APP_OWNER.CUPONES (CODIGO,TIPO_DESCUENTO,VALOR_DESCUENTO,SUBTOTAL_MINIMO,USOS_MAXIMOS_GLOBAL,USOS_MAXIMOS_POR_USUARIO,VIGENTE_DESDE,VIGENTE_HASTA,ACTIVO,CREADO_EN,ACTUALIZADO_EN,ID) values ('FREESHIP7','monto','7',null,null,null,to_timestamp_tz('31/10/25 02:36:28,659789000 AM GMT','DD/MM/RR HH12:MI:SSXFF AM TZR'),to_timestamp_tz('16/11/25 02:36:28,659789000 AM GMT','DD/MM/RR HH12:MI:SSXFF AM TZR'),'S',to_timestamp_tz('01/11/25 02:36:28,659789000 AM GMT','DD/MM/RR HH12:MI:SSXFF AM TZR'),to_timestamp_tz('01/11/25 02:36:28,659789000 AM GMT','DD/MM/RR HH12:MI:SSXFF AM TZR'),'4');
Insert into APP_OWNER.CUPONES (CODIGO,TIPO_DESCUENTO,VALOR_DESCUENTO,SUBTOTAL_MINIMO,USOS_MAXIMOS_GLOBAL,USOS_MAXIMOS_POR_USUARIO,VIGENTE_DESDE,VIGENTE_HASTA,ACTIVO,CREADO_EN,ACTUALIZADO_EN,ID) values ('STUDENT12','porcentaje','12',null,'100',null,to_timestamp_tz('28/10/25 02:36:28,750279000 AM GMT','DD/MM/RR HH12:MI:SSXFF AM TZR'),to_timestamp_tz('11/12/25 02:36:28,750279000 AM GMT','DD/MM/RR HH12:MI:SSXFF AM TZR'),'S',to_timestamp_tz('01/11/25 02:36:28,750279000 AM GMT','DD/MM/RR HH12:MI:SSXFF AM TZR'),to_timestamp_tz('01/11/25 02:36:28,750279000 AM GMT','DD/MM/RR HH12:MI:SSXFF AM TZR'),'5');
Insert into APP_OWNER.CUPONES (CODIGO,TIPO_DESCUENTO,VALOR_DESCUENTO,SUBTOTAL_MINIMO,USOS_MAXIMOS_GLOBAL,USOS_MAXIMOS_POR_USUARIO,VIGENTE_DESDE,VIGENTE_HASTA,ACTIVO,CREADO_EN,ACTUALIZADO_EN,ID) values ('FLASH20','porcentaje','20',null,'50','1',to_timestamp_tz('31/10/25 02:36:28,840171000 AM GMT','DD/MM/RR HH12:MI:SSXFF AM TZR'),to_timestamp_tz('08/11/25 02:36:28,840171000 AM GMT','DD/MM/RR HH12:MI:SSXFF AM TZR'),'S',to_timestamp_tz('01/11/25 02:36:28,840171000 AM GMT','DD/MM/RR HH12:MI:SSXFF AM TZR'),to_timestamp_tz('01/11/25 02:36:28,840171000 AM GMT','DD/MM/RR HH12:MI:SSXFF AM TZR'),'6');
Insert into APP_OWNER.CUPONES (CODIGO,TIPO_DESCUENTO,VALOR_DESCUENTO,SUBTOTAL_MINIMO,USOS_MAXIMOS_GLOBAL,USOS_MAXIMOS_POR_USUARIO,VIGENTE_DESDE,VIGENTE_HASTA,ACTIVO,CREADO_EN,ACTUALIZADO_EN,ID) values ('MENOS3','monto','3',null,null,null,to_timestamp_tz('30/10/25 02:36:28,929732000 AM GMT','DD/MM/RR HH12:MI:SSXFF AM TZR'),to_timestamp_tz('11/11/25 02:36:28,929732000 AM GMT','DD/MM/RR HH12:MI:SSXFF AM TZR'),'S',to_timestamp_tz('01/11/25 02:36:28,929732000 AM GMT','DD/MM/RR HH12:MI:SSXFF AM TZR'),to_timestamp_tz('01/11/25 02:36:28,929732000 AM GMT','DD/MM/RR HH12:MI:SSXFF AM TZR'),'7');
Insert into APP_OWNER.CUPONES (CODIGO,TIPO_DESCUENTO,VALOR_DESCUENTO,SUBTOTAL_MINIMO,USOS_MAXIMOS_GLOBAL,USOS_MAXIMOS_POR_USUARIO,VIGENTE_DESDE,VIGENTE_HASTA,ACTIVO,CREADO_EN,ACTUALIZADO_EN,ID) values ('VIP25','porcentaje','25',null,'10','2',to_timestamp_tz('31/10/25 02:36:29,018018000 AM GMT','DD/MM/RR HH12:MI:SSXFF AM TZR'),to_timestamp_tz('31/12/25 02:36:29,018018000 AM GMT','DD/MM/RR HH12:MI:SSXFF AM TZR'),'S',to_timestamp_tz('01/11/25 02:36:29,018018000 AM GMT','DD/MM/RR HH12:MI:SSXFF AM TZR'),to_timestamp_tz('01/11/25 02:36:29,018018000 AM GMT','DD/MM/RR HH12:MI:SSXFF AM TZR'),'8');
Insert into APP_OWNER.CUPONES (CODIGO,TIPO_DESCUENTO,VALOR_DESCUENTO,SUBTOTAL_MINIMO,USOS_MAXIMOS_GLOBAL,USOS_MAXIMOS_POR_USUARIO,VIGENTE_DESDE,VIGENTE_HASTA,ACTIVO,CREADO_EN,ACTUALIZADO_EN,ID) values ('MENOS2','monto','2',null,null,null,to_timestamp_tz('27/10/25 02:36:29,109274000 AM GMT','DD/MM/RR HH12:MI:SSXFF AM TZR'),to_timestamp_tz('16/11/25 02:36:29,109274000 AM GMT','DD/MM/RR HH12:MI:SSXFF AM TZR'),'S',to_timestamp_tz('01/11/25 02:36:29,109274000 AM GMT','DD/MM/RR HH12:MI:SSXFF AM TZR'),to_timestamp_tz('01/11/25 02:36:29,109274000 AM GMT','DD/MM/RR HH12:MI:SSXFF AM TZR'),'9');
Insert into APP_OWNER.CUPONES (CODIGO,TIPO_DESCUENTO,VALOR_DESCUENTO,SUBTOTAL_MINIMO,USOS_MAXIMOS_GLOBAL,USOS_MAXIMOS_POR_USUARIO,VIGENTE_DESDE,VIGENTE_HASTA,ACTIVO,CREADO_EN,ACTUALIZADO_EN,ID) values ('WELCOME5','monto','5',null,null,'1',to_timestamp_tz('31/10/25 02:36:29,198871000 AM GMT','DD/MM/RR HH12:MI:SSXFF AM TZR'),to_timestamp_tz('01/12/25 02:36:29,198871000 AM GMT','DD/MM/RR HH12:MI:SSXFF AM TZR'),'S',to_timestamp_tz('01/11/25 02:36:29,198871000 AM GMT','DD/MM/RR HH12:MI:SSXFF AM TZR'),to_timestamp_tz('01/11/25 02:36:29,198871000 AM GMT','DD/MM/RR HH12:MI:SSXFF AM TZR'),'10');
REM INSERTING into APP_OWNER.DETALLE_PEDIDOS
SET DEFINE OFF;
Insert into APP_OWNER.DETALLE_PEDIDOS (CANTIDAD,PRECIO_UNITARIO,PRODUCTO_ID,PEDIDO_ID,VARIANTE_ID) values ('2','6','16','1','29');
Insert into APP_OWNER.DETALLE_PEDIDOS (CANTIDAD,PRECIO_UNITARIO,PRODUCTO_ID,PEDIDO_ID,VARIANTE_ID) values ('2','6','16','2','29');
Insert into APP_OWNER.DETALLE_PEDIDOS (CANTIDAD,PRECIO_UNITARIO,PRODUCTO_ID,PEDIDO_ID,VARIANTE_ID) values ('2','6','16','3','29');
Insert into APP_OWNER.DETALLE_PEDIDOS (CANTIDAD,PRECIO_UNITARIO,PRODUCTO_ID,PEDIDO_ID,VARIANTE_ID) values ('2','6','16','4','29');
Insert into APP_OWNER.DETALLE_PEDIDOS (CANTIDAD,PRECIO_UNITARIO,PRODUCTO_ID,PEDIDO_ID,VARIANTE_ID) values ('2','6','16','5','29');
Insert into APP_OWNER.DETALLE_PEDIDOS (CANTIDAD,PRECIO_UNITARIO,PRODUCTO_ID,PEDIDO_ID,VARIANTE_ID) values ('2','6','16','6','29');
Insert into APP_OWNER.DETALLE_PEDIDOS (CANTIDAD,PRECIO_UNITARIO,PRODUCTO_ID,PEDIDO_ID,VARIANTE_ID) values ('2','6','16','7','29');
Insert into APP_OWNER.DETALLE_PEDIDOS (CANTIDAD,PRECIO_UNITARIO,PRODUCTO_ID,PEDIDO_ID,VARIANTE_ID) values ('2','6','16','8','29');
Insert into APP_OWNER.DETALLE_PEDIDOS (CANTIDAD,PRECIO_UNITARIO,PRODUCTO_ID,PEDIDO_ID,VARIANTE_ID) values ('2','6','16','9','29');
Insert into APP_OWNER.DETALLE_PEDIDOS (CANTIDAD,PRECIO_UNITARIO,PRODUCTO_ID,PEDIDO_ID,VARIANTE_ID) values ('2','6','16','10','29');
Insert into APP_OWNER.DETALLE_PEDIDOS (CANTIDAD,PRECIO_UNITARIO,PRODUCTO_ID,PEDIDO_ID,VARIANTE_ID) values ('2','6','16','11','29');
Insert into APP_OWNER.DETALLE_PEDIDOS (CANTIDAD,PRECIO_UNITARIO,PRODUCTO_ID,PEDIDO_ID,VARIANTE_ID) values ('2','6','16','12','29');
Insert into APP_OWNER.DETALLE_PEDIDOS (CANTIDAD,PRECIO_UNITARIO,PRODUCTO_ID,PEDIDO_ID,VARIANTE_ID) values ('2','6','16','13','29');
Insert into APP_OWNER.DETALLE_PEDIDOS (CANTIDAD,PRECIO_UNITARIO,PRODUCTO_ID,PEDIDO_ID,VARIANTE_ID) values ('2','6','16','14','29');
Insert into APP_OWNER.DETALLE_PEDIDOS (CANTIDAD,PRECIO_UNITARIO,PRODUCTO_ID,PEDIDO_ID,VARIANTE_ID) values ('2','6','16','15','29');
Insert into APP_OWNER.DETALLE_PEDIDOS (CANTIDAD,PRECIO_UNITARIO,PRODUCTO_ID,PEDIDO_ID,VARIANTE_ID) values ('2','6','16','16','29');
Insert into APP_OWNER.DETALLE_PEDIDOS (CANTIDAD,PRECIO_UNITARIO,PRODUCTO_ID,PEDIDO_ID,VARIANTE_ID) values ('2','6','16','17','29');
Insert into APP_OWNER.DETALLE_PEDIDOS (CANTIDAD,PRECIO_UNITARIO,PRODUCTO_ID,PEDIDO_ID,VARIANTE_ID) values ('2','6','16','18','29');
Insert into APP_OWNER.DETALLE_PEDIDOS (CANTIDAD,PRECIO_UNITARIO,PRODUCTO_ID,PEDIDO_ID,VARIANTE_ID) values ('2','6','16','19','29');
Insert into APP_OWNER.DETALLE_PEDIDOS (CANTIDAD,PRECIO_UNITARIO,PRODUCTO_ID,PEDIDO_ID,VARIANTE_ID) values ('2','6','16','20','29');
Insert into APP_OWNER.DETALLE_PEDIDOS (CANTIDAD,PRECIO_UNITARIO,PRODUCTO_ID,PEDIDO_ID,VARIANTE_ID) values ('5','12','70','21','1');
Insert into APP_OWNER.DETALLE_PEDIDOS (CANTIDAD,PRECIO_UNITARIO,PRODUCTO_ID,PEDIDO_ID,VARIANTE_ID) values ('5','12','70','22','1');
Insert into APP_OWNER.DETALLE_PEDIDOS (CANTIDAD,PRECIO_UNITARIO,PRODUCTO_ID,PEDIDO_ID,VARIANTE_ID) values ('5','12','70','23','1');
Insert into APP_OWNER.DETALLE_PEDIDOS (CANTIDAD,PRECIO_UNITARIO,PRODUCTO_ID,PEDIDO_ID,VARIANTE_ID) values ('5','12','70','24','1');
Insert into APP_OWNER.DETALLE_PEDIDOS (CANTIDAD,PRECIO_UNITARIO,PRODUCTO_ID,PEDIDO_ID,VARIANTE_ID) values ('10','10','36','25','3');
Insert into APP_OWNER.DETALLE_PEDIDOS (CANTIDAD,PRECIO_UNITARIO,PRODUCTO_ID,PEDIDO_ID,VARIANTE_ID) values ('10','10','36','26','3');
Insert into APP_OWNER.DETALLE_PEDIDOS (CANTIDAD,PRECIO_UNITARIO,PRODUCTO_ID,PEDIDO_ID,VARIANTE_ID) values ('1','7','33','27','6');
Insert into APP_OWNER.DETALLE_PEDIDOS (CANTIDAD,PRECIO_UNITARIO,PRODUCTO_ID,PEDIDO_ID,VARIANTE_ID) values ('1','7','33','28','6');
Insert into APP_OWNER.DETALLE_PEDIDOS (CANTIDAD,PRECIO_UNITARIO,PRODUCTO_ID,PEDIDO_ID,VARIANTE_ID) values ('5','12','70','29','1');
Insert into APP_OWNER.DETALLE_PEDIDOS (CANTIDAD,PRECIO_UNITARIO,PRODUCTO_ID,PEDIDO_ID,VARIANTE_ID) values ('5','12','70','30','1');
Insert into APP_OWNER.DETALLE_PEDIDOS (CANTIDAD,PRECIO_UNITARIO,PRODUCTO_ID,PEDIDO_ID,VARIANTE_ID) values ('5','12','70','31','1');
Insert into APP_OWNER.DETALLE_PEDIDOS (CANTIDAD,PRECIO_UNITARIO,PRODUCTO_ID,PEDIDO_ID,VARIANTE_ID) values ('5','12','70','32','1');
Insert into APP_OWNER.DETALLE_PEDIDOS (CANTIDAD,PRECIO_UNITARIO,PRODUCTO_ID,PEDIDO_ID,VARIANTE_ID) values ('10','10','36','33','3');
Insert into APP_OWNER.DETALLE_PEDIDOS (CANTIDAD,PRECIO_UNITARIO,PRODUCTO_ID,PEDIDO_ID,VARIANTE_ID) values ('10','10','36','34','3');
Insert into APP_OWNER.DETALLE_PEDIDOS (CANTIDAD,PRECIO_UNITARIO,PRODUCTO_ID,PEDIDO_ID,VARIANTE_ID) values ('1','7','33','35','6');
Insert into APP_OWNER.DETALLE_PEDIDOS (CANTIDAD,PRECIO_UNITARIO,PRODUCTO_ID,PEDIDO_ID,VARIANTE_ID) values ('1','7','33','36','6');
Insert into APP_OWNER.DETALLE_PEDIDOS (CANTIDAD,PRECIO_UNITARIO,PRODUCTO_ID,PEDIDO_ID,VARIANTE_ID) values ('1','12','70','37','1');
Insert into APP_OWNER.DETALLE_PEDIDOS (CANTIDAD,PRECIO_UNITARIO,PRODUCTO_ID,PEDIDO_ID,VARIANTE_ID) values ('2','12','70','38','1');
Insert into APP_OWNER.DETALLE_PEDIDOS (CANTIDAD,PRECIO_UNITARIO,PRODUCTO_ID,PEDIDO_ID,VARIANTE_ID) values ('3','12','70','39','1');
Insert into APP_OWNER.DETALLE_PEDIDOS (CANTIDAD,PRECIO_UNITARIO,PRODUCTO_ID,PEDIDO_ID,VARIANTE_ID) values ('4','12','70','40','1');
Insert into APP_OWNER.DETALLE_PEDIDOS (CANTIDAD,PRECIO_UNITARIO,PRODUCTO_ID,PEDIDO_ID,VARIANTE_ID) values ('1','10','36','41','3');
Insert into APP_OWNER.DETALLE_PEDIDOS (CANTIDAD,PRECIO_UNITARIO,PRODUCTO_ID,PEDIDO_ID,VARIANTE_ID) values ('2','10','36','42','3');
Insert into APP_OWNER.DETALLE_PEDIDOS (CANTIDAD,PRECIO_UNITARIO,PRODUCTO_ID,PEDIDO_ID,VARIANTE_ID) values ('3','10','36','43','3');
Insert into APP_OWNER.DETALLE_PEDIDOS (CANTIDAD,PRECIO_UNITARIO,PRODUCTO_ID,PEDIDO_ID,VARIANTE_ID) values ('1','7','33','44','6');
Insert into APP_OWNER.DETALLE_PEDIDOS (CANTIDAD,PRECIO_UNITARIO,PRODUCTO_ID,PEDIDO_ID,VARIANTE_ID) values ('2','7','33','45','6');
Insert into APP_OWNER.DETALLE_PEDIDOS (CANTIDAD,PRECIO_UNITARIO,PRODUCTO_ID,PEDIDO_ID,VARIANTE_ID) values ('3','7','33','46','6');
REM INSERTING into APP_OWNER.DEVOLUCIONES
SET DEFINE OFF;
Insert into APP_OWNER.DEVOLUCIONES (ID,PEDIDO_ID,ESTADO,CODIGO_MOTIVO,CREADO_EN,ACTUALIZADO_EN) values ('21','37','cancelado','solicitud_cliente',to_timestamp_tz('03/11/25 11:53:23,523472000 PM GMT','DD/MM/RR HH12:MI:SSXFF AM TZR'),to_timestamp_tz('03/11/25 11:53:23,523472000 PM GMT','DD/MM/RR HH12:MI:SSXFF AM TZR'));
Insert into APP_OWNER.DEVOLUCIONES (ID,PEDIDO_ID,ESTADO,CODIGO_MOTIVO,CREADO_EN,ACTUALIZADO_EN) values ('22','38','cancelado','solicitud_cliente',to_timestamp_tz('03/11/25 11:53:23,671243000 PM GMT','DD/MM/RR HH12:MI:SSXFF AM TZR'),to_timestamp_tz('03/11/25 11:53:23,671243000 PM GMT','DD/MM/RR HH12:MI:SSXFF AM TZR'));
Insert into APP_OWNER.DEVOLUCIONES (ID,PEDIDO_ID,ESTADO,CODIGO_MOTIVO,CREADO_EN,ACTUALIZADO_EN) values ('23','39','cancelado','solicitud_cliente',to_timestamp_tz('03/11/25 11:53:23,716177000 PM GMT','DD/MM/RR HH12:MI:SSXFF AM TZR'),to_timestamp_tz('03/11/25 11:53:23,716177000 PM GMT','DD/MM/RR HH12:MI:SSXFF AM TZR'));
Insert into APP_OWNER.DEVOLUCIONES (ID,PEDIDO_ID,ESTADO,CODIGO_MOTIVO,CREADO_EN,ACTUALIZADO_EN) values ('24','40','cancelado','solicitud_cliente',to_timestamp_tz('03/11/25 11:53:23,760169000 PM GMT','DD/MM/RR HH12:MI:SSXFF AM TZR'),to_timestamp_tz('03/11/25 11:53:23,760169000 PM GMT','DD/MM/RR HH12:MI:SSXFF AM TZR'));
Insert into APP_OWNER.DEVOLUCIONES (ID,PEDIDO_ID,ESTADO,CODIGO_MOTIVO,CREADO_EN,ACTUALIZADO_EN) values ('25','41','cancelado','problema_stock',to_timestamp_tz('03/11/25 11:53:23,810005000 PM GMT','DD/MM/RR HH12:MI:SSXFF AM TZR'),to_timestamp_tz('03/11/25 11:53:23,810005000 PM GMT','DD/MM/RR HH12:MI:SSXFF AM TZR'));
Insert into APP_OWNER.DEVOLUCIONES (ID,PEDIDO_ID,ESTADO,CODIGO_MOTIVO,CREADO_EN,ACTUALIZADO_EN) values ('26','42','cancelado','problema_stock',to_timestamp_tz('03/11/25 11:53:23,857898000 PM GMT','DD/MM/RR HH12:MI:SSXFF AM TZR'),to_timestamp_tz('03/11/25 11:53:23,857898000 PM GMT','DD/MM/RR HH12:MI:SSXFF AM TZR'));
Insert into APP_OWNER.DEVOLUCIONES (ID,PEDIDO_ID,ESTADO,CODIGO_MOTIVO,CREADO_EN,ACTUALIZADO_EN) values ('27','43','cancelado','problema_stock',to_timestamp_tz('03/11/25 11:53:23,898649000 PM GMT','DD/MM/RR HH12:MI:SSXFF AM TZR'),to_timestamp_tz('03/11/25 11:53:23,898649000 PM GMT','DD/MM/RR HH12:MI:SSXFF AM TZR'));
Insert into APP_OWNER.DEVOLUCIONES (ID,PEDIDO_ID,ESTADO,CODIGO_MOTIVO,CREADO_EN,ACTUALIZADO_EN) values ('28','44','cancelado','otro',to_timestamp_tz('03/11/25 11:53:23,938191000 PM GMT','DD/MM/RR HH12:MI:SSXFF AM TZR'),to_timestamp_tz('03/11/25 11:53:23,938191000 PM GMT','DD/MM/RR HH12:MI:SSXFF AM TZR'));
Insert into APP_OWNER.DEVOLUCIONES (ID,PEDIDO_ID,ESTADO,CODIGO_MOTIVO,CREADO_EN,ACTUALIZADO_EN) values ('29','45','cancelado','otro',to_timestamp_tz('03/11/25 11:53:23,984043000 PM GMT','DD/MM/RR HH12:MI:SSXFF AM TZR'),to_timestamp_tz('03/11/25 11:53:23,984043000 PM GMT','DD/MM/RR HH12:MI:SSXFF AM TZR'));
Insert into APP_OWNER.DEVOLUCIONES (ID,PEDIDO_ID,ESTADO,CODIGO_MOTIVO,CREADO_EN,ACTUALIZADO_EN) values ('30','46','cancelado','otro',to_timestamp_tz('03/11/25 11:53:24,027414000 PM GMT','DD/MM/RR HH12:MI:SSXFF AM TZR'),to_timestamp_tz('03/11/25 11:53:24,027414000 PM GMT','DD/MM/RR HH12:MI:SSXFF AM TZR'));
REM INSERTING into APP_OWNER.DEVOLUCION_ITEMS
SET DEFINE OFF;
Insert into APP_OWNER.DEVOLUCION_ITEMS (ID,DEVOLUCION_ID,PRODUCTO_ID,VARIANTE_ID,CANTIDAD) values ('21','21','70','1','1');
Insert into APP_OWNER.DEVOLUCION_ITEMS (ID,DEVOLUCION_ID,PRODUCTO_ID,VARIANTE_ID,CANTIDAD) values ('22','22','70','1','2');
Insert into APP_OWNER.DEVOLUCION_ITEMS (ID,DEVOLUCION_ID,PRODUCTO_ID,VARIANTE_ID,CANTIDAD) values ('23','23','70','1','3');
Insert into APP_OWNER.DEVOLUCION_ITEMS (ID,DEVOLUCION_ID,PRODUCTO_ID,VARIANTE_ID,CANTIDAD) values ('24','24','70','1','4');
Insert into APP_OWNER.DEVOLUCION_ITEMS (ID,DEVOLUCION_ID,PRODUCTO_ID,VARIANTE_ID,CANTIDAD) values ('25','25','36','3','1');
Insert into APP_OWNER.DEVOLUCION_ITEMS (ID,DEVOLUCION_ID,PRODUCTO_ID,VARIANTE_ID,CANTIDAD) values ('26','26','36','3','2');
Insert into APP_OWNER.DEVOLUCION_ITEMS (ID,DEVOLUCION_ID,PRODUCTO_ID,VARIANTE_ID,CANTIDAD) values ('27','27','36','3','3');
Insert into APP_OWNER.DEVOLUCION_ITEMS (ID,DEVOLUCION_ID,PRODUCTO_ID,VARIANTE_ID,CANTIDAD) values ('28','28','33','6','1');
Insert into APP_OWNER.DEVOLUCION_ITEMS (ID,DEVOLUCION_ID,PRODUCTO_ID,VARIANTE_ID,CANTIDAD) values ('29','29','33','6','2');
Insert into APP_OWNER.DEVOLUCION_ITEMS (ID,DEVOLUCION_ID,PRODUCTO_ID,VARIANTE_ID,CANTIDAD) values ('30','30','33','6','3');
REM INSERTING into APP_OWNER.MEDIO_ARCHIVO
SET DEFINE OFF;
Insert into APP_OWNER.MEDIO_ARCHIVO (ID,URL,TIPO_MEDIO,ANCHO,ALTO,TEXTO_ALTERNATIVO,CREADO_EN) values ('1','https://rujqfdpeyoekhzesiorf.supabase.co/storage/v1/object/public/product-images//chicha1l400x400.png','imagen',null,null,'Chicha Morada Lista 1L',to_timestamp_tz('03/11/25 05:09:47,627763000 AM GMT','DD/MM/RR HH12:MI:SSXFF AM TZR'));
Insert into APP_OWNER.MEDIO_ARCHIVO (ID,URL,TIPO_MEDIO,ANCHO,ALTO,TEXTO_ALTERNATIVO,CREADO_EN) values ('2','https://rujqfdpeyoekhzesiorf.supabase.co/storage/v1/object/public/product-images//chuleta600x600.png','imagen',null,null,'Chuleta de Cerdo (kg)',to_timestamp_tz('03/11/25 05:09:47,788711000 AM GMT','DD/MM/RR HH12:MI:SSXFF AM TZR'));
Insert into APP_OWNER.MEDIO_ARCHIVO (ID,URL,TIPO_MEDIO,ANCHO,ALTO,TEXTO_ALTERNATIVO,CREADO_EN) values ('3','https://rujqfdpeyoekhzesiorf.supabase.co/storage/v1/object/public/product-images//mollejas800x800.png','imagen',null,null,'Mollejas de Pollo (kg)',to_timestamp_tz('03/11/25 05:09:47,948398000 AM GMT','DD/MM/RR HH12:MI:SSXFF AM TZR'));
Insert into APP_OWNER.MEDIO_ARCHIVO (ID,URL,TIPO_MEDIO,ANCHO,ALTO,TEXTO_ALTERNATIVO,CREADO_EN) values ('4','https://rujqfdpeyoekhzesiorf.supabase.co/storage/v1/object/public/product-images//lechegloria800x800.png','imagen',null,null,'Leche Fresca Gloria 1L',to_timestamp_tz('03/11/25 05:09:48,108216000 AM GMT','DD/MM/RR HH12:MI:SSXFF AM TZR'));
Insert into APP_OWNER.MEDIO_ARCHIVO (ID,URL,TIPO_MEDIO,ANCHO,ALTO,TEXTO_ALTERNATIVO,CREADO_EN) values ('5','https://rujqfdpeyoekhzesiorf.supabase.co/storage/v1/object/public/product-images//cebollaroja500x500.png','imagen',null,null,'Cebolla Roja (kg)',to_timestamp_tz('03/11/25 05:09:48,268273000 AM GMT','DD/MM/RR HH12:MI:SSXFF AM TZR'));
Insert into APP_OWNER.MEDIO_ARCHIVO (ID,URL,TIPO_MEDIO,ANCHO,ALTO,TEXTO_ALTERNATIVO,CREADO_EN) values ('6','https://rujqfdpeyoekhzesiorf.supabase.co/storage/v1/object/public/product-images//griegofresa800x800.png','imagen',null,null,'Yogurt Griego Fresa 500g',to_timestamp_tz('03/11/25 05:09:48,427253000 AM GMT','DD/MM/RR HH12:MI:SSXFF AM TZR'));
Insert into APP_OWNER.MEDIO_ARCHIVO (ID,URL,TIPO_MEDIO,ANCHO,ALTO,TEXTO_ALTERNATIVO,CREADO_EN) values ('7','https://rujqfdpeyoekhzesiorf.supabase.co/storage/v1/object/public/product-images//baguete600.png','imagen',null,null,'Baguette Artesanal',to_timestamp_tz('03/11/25 05:09:48,586908000 AM GMT','DD/MM/RR HH12:MI:SSXFF AM TZR'));
Insert into APP_OWNER.MEDIO_ARCHIVO (ID,URL,TIPO_MEDIO,ANCHO,ALTO,TEXTO_ALTERNATIVO,CREADO_EN) values ('8','https://rujqfdpeyoekhzesiorf.supabase.co/storage/v1/object/public/product-images//pancenteno600.png','imagen',null,null,'Pan Centeno Artesanal',to_timestamp_tz('03/11/25 05:09:48,746789000 AM GMT','DD/MM/RR HH12:MI:SSXFF AM TZR'));
Insert into APP_OWNER.MEDIO_ARCHIVO (ID,URL,TIPO_MEDIO,ANCHO,ALTO,TEXTO_ALTERNATIVO,CREADO_EN) values ('9','https://rujqfdpeyoekhzesiorf.supabase.co/storage/v1/object/public/product-images//quesovegano800x800.png','imagen',null,null,'Queso Vegano Rallado 200g',to_timestamp_tz('03/11/25 05:09:48,905671000 AM GMT','DD/MM/RR HH12:MI:SSXFF AM TZR'));
Insert into APP_OWNER.MEDIO_ARCHIVO (ID,URL,TIPO_MEDIO,ANCHO,ALTO,TEXTO_ALTERNATIVO,CREADO_EN) values ('10','https://rujqfdpeyoekhzesiorf.supabase.co/storage/v1/object/public/product-images//capuli600.png','imagen',null,null,'Capulí (200g)',to_timestamp_tz('03/11/25 05:09:49,066749000 AM GMT','DD/MM/RR HH12:MI:SSXFF AM TZR'));
Insert into APP_OWNER.MEDIO_ARCHIVO (ID,URL,TIPO_MEDIO,ANCHO,ALTO,TEXTO_ALTERNATIVO,CREADO_EN) values ('11','https://rujqfdpeyoekhzesiorf.supabase.co/storage/v1/object/public/product-images//camote600.png','imagen',null,null,'Camote Naranja (kg)',to_timestamp_tz('03/11/25 05:09:49,225475000 AM GMT','DD/MM/RR HH12:MI:SSXFF AM TZR'));
Insert into APP_OWNER.MEDIO_ARCHIVO (ID,URL,TIPO_MEDIO,ANCHO,ALTO,TEXTO_ALTERNATIVO,CREADO_EN) values ('12','https://rujqfdpeyoekhzesiorf.supabase.co/storage/v1/object/public/product-images//zanahoria600.png','imagen',null,null,'Zanahoria (kg)',to_timestamp_tz('03/11/25 05:09:49,385118000 AM GMT','DD/MM/RR HH12:MI:SSXFF AM TZR'));
Insert into APP_OWNER.MEDIO_ARCHIVO (ID,URL,TIPO_MEDIO,ANCHO,ALTO,TEXTO_ALTERNATIVO,CREADO_EN) values ('13','https://rujqfdpeyoekhzesiorf.supabase.co/storage/v1/object/public/product-images//cocacola600.png','imagen',null,null,'Gaseosa Coca-Cola 3L',to_timestamp_tz('03/11/25 05:09:49,544546000 AM GMT','DD/MM/RR HH12:MI:SSXFF AM TZR'));
Insert into APP_OWNER.MEDIO_ARCHIVO (ID,URL,TIPO_MEDIO,ANCHO,ALTO,TEXTO_ALTERNATIVO,CREADO_EN) values ('14','https://rujqfdpeyoekhzesiorf.supabase.co/storage/v1/object/public/product-images//bebidaalmendras600.png','imagen',null,null,'Bebida de Almendras Orgánica 1L',to_timestamp_tz('03/11/25 05:09:49,705268000 AM GMT','DD/MM/RR HH12:MI:SSXFF AM TZR'));
Insert into APP_OWNER.MEDIO_ARCHIVO (ID,URL,TIPO_MEDIO,ANCHO,ALTO,TEXTO_ALTERNATIVO,CREADO_EN) values ('15','https://rujqfdpeyoekhzesiorf.supabase.co/storage/v1/object/public/product-images//chocolate600.png','imagen',null,null,'Chocolates Sublime Clásico (barra)',to_timestamp_tz('03/11/25 05:09:49,865927000 AM GMT','DD/MM/RR HH12:MI:SSXFF AM TZR'));
Insert into APP_OWNER.MEDIO_ARCHIVO (ID,URL,TIPO_MEDIO,ANCHO,ALTO,TEXTO_ALTERNATIVO,CREADO_EN) values ('16','https://rujqfdpeyoekhzesiorf.supabase.co/storage/v1/object/public/product-images//olluco600.png','imagen',null,null,'Olluco Fresco (kg)',to_timestamp_tz('03/11/25 05:09:50,025952000 AM GMT','DD/MM/RR HH12:MI:SSXFF AM TZR'));
Insert into APP_OWNER.MEDIO_ARCHIVO (ID,URL,TIPO_MEDIO,ANCHO,ALTO,TEXTO_ALTERNATIVO,CREADO_EN) values ('17','https://rujqfdpeyoekhzesiorf.supabase.co/storage/v1/object/public/product-images//ajilimo600.png','imagen',null,null,'Ají Limo Fresco (100g)',to_timestamp_tz('03/11/25 05:09:50,185466000 AM GMT','DD/MM/RR HH12:MI:SSXFF AM TZR'));
Insert into APP_OWNER.MEDIO_ARCHIVO (ID,URL,TIPO_MEDIO,ANCHO,ALTO,TEXTO_ALTERNATIVO,CREADO_EN) values ('18','https://rujqfdpeyoekhzesiorf.supabase.co/storage/v1/object/public/product-images//panmolde600.png','imagen',null,null,'Pan de Molde Blanco Grande',to_timestamp_tz('03/11/25 05:09:50,345148000 AM GMT','DD/MM/RR HH12:MI:SSXFF AM TZR'));
Insert into APP_OWNER.MEDIO_ARCHIVO (ID,URL,TIPO_MEDIO,ANCHO,ALTO,TEXTO_ALTERNATIVO,CREADO_EN) values ('19','https://rujqfdpeyoekhzesiorf.supabase.co/storage/v1/object/public/product-images//frijolnegro600.png','imagen',null,null,'Frijol Negro 500g',to_timestamp_tz('03/11/25 05:09:50,504922000 AM GMT','DD/MM/RR HH12:MI:SSXFF AM TZR'));
Insert into APP_OWNER.MEDIO_ARCHIVO (ID,URL,TIPO_MEDIO,ANCHO,ALTO,TEXTO_ALTERNATIVO,CREADO_EN) values ('20','https://rujqfdpeyoekhzesiorf.supabase.co/storage/v1/object/public/product-images//pacay600.png','imagen',null,null,'Pacay (unidad)',to_timestamp_tz('03/11/25 05:09:50,666462000 AM GMT','DD/MM/RR HH12:MI:SSXFF AM TZR'));
Insert into APP_OWNER.MEDIO_ARCHIVO (ID,URL,TIPO_MEDIO,ANCHO,ALTO,TEXTO_ALTERNATIVO,CREADO_EN) values ('21','https://rujqfdpeyoekhzesiorf.supabase.co/storage/v1/object/public/product-images//lentejaspardina600.png','imagen',null,null,'Lentejas Pardina 500g',to_timestamp_tz('03/11/25 05:09:50,825650000 AM GMT','DD/MM/RR HH12:MI:SSXFF AM TZR'));
Insert into APP_OWNER.MEDIO_ARCHIVO (ID,URL,TIPO_MEDIO,ANCHO,ALTO,TEXTO_ALTERNATIVO,CREADO_EN) values ('22','https://rujqfdpeyoekhzesiorf.supabase.co/storage/v1/object/public/product-images//sprite600.png','imagen',null,null,'Gaseosa Sprite 1.5L',to_timestamp_tz('03/11/25 05:09:50,986915000 AM GMT','DD/MM/RR HH12:MI:SSXFF AM TZR'));
Insert into APP_OWNER.MEDIO_ARCHIVO (ID,URL,TIPO_MEDIO,ANCHO,ALTO,TEXTO_ALTERNATIVO,CREADO_EN) values ('23','https://rujqfdpeyoekhzesiorf.supabase.co/storage/v1/object/public/product-images//fideosdonvittorio600.png','imagen',null,null,'Fideos Don Vittorio Spaguetti 950gr',to_timestamp_tz('03/11/25 05:09:51,147026000 AM GMT','DD/MM/RR HH12:MI:SSXFF AM TZR'));
Insert into APP_OWNER.MEDIO_ARCHIVO (ID,URL,TIPO_MEDIO,ANCHO,ALTO,TEXTO_ALTERNATIVO,CREADO_EN) values ('24','https://rujqfdpeyoekhzesiorf.supabase.co/storage/v1/object/public/product-images//matequillalive600.png','imagen',null,null,'Mantequilla Laive 200g',to_timestamp_tz('03/11/25 05:09:51,307099000 AM GMT','DD/MM/RR HH12:MI:SSXFF AM TZR'));
Insert into APP_OWNER.MEDIO_ARCHIVO (ID,URL,TIPO_MEDIO,ANCHO,ALTO,TEXTO_ALTERNATIVO,CREADO_EN) values ('25','https://rujqfdpeyoekhzesiorf.supabase.co/storage/v1/object/public/product-images//pechugapollo600.png','imagen',null,null,'Pechuga de Pollo Fresca (kg)',to_timestamp_tz('03/11/25 05:09:51,467665000 AM GMT','DD/MM/RR HH12:MI:SSXFF AM TZR'));
REM INSERTING into APP_OWNER.MEDIO_PRODUCTO
SET DEFINE OFF;
Insert into APP_OWNER.MEDIO_PRODUCTO (ID,PRODUCTO_ID,MEDIO_ID,VARIANTE_ID,ES_PORTADA,ORDEN) values ('1','70','13','1','S','1');
Insert into APP_OWNER.MEDIO_PRODUCTO (ID,PRODUCTO_ID,MEDIO_ID,VARIANTE_ID,ES_PORTADA,ORDEN) values ('2','33','4','5','S','1');
Insert into APP_OWNER.MEDIO_PRODUCTO (ID,PRODUCTO_ID,MEDIO_ID,VARIANTE_ID,ES_PORTADA,ORDEN) values ('3','36','6','3','S','1');
Insert into APP_OWNER.MEDIO_PRODUCTO (ID,PRODUCTO_ID,MEDIO_ID,VARIANTE_ID,ES_PORTADA,ORDEN) values ('4','30','1',null,'S','1');
Insert into APP_OWNER.MEDIO_PRODUCTO (ID,PRODUCTO_ID,MEDIO_ID,VARIANTE_ID,ES_PORTADA,ORDEN) values ('5','31','2',null,'S','1');
Insert into APP_OWNER.MEDIO_PRODUCTO (ID,PRODUCTO_ID,MEDIO_ID,VARIANTE_ID,ES_PORTADA,ORDEN) values ('6','32','3',null,'S','1');
Insert into APP_OWNER.MEDIO_PRODUCTO (ID,PRODUCTO_ID,MEDIO_ID,VARIANTE_ID,ES_PORTADA,ORDEN) values ('7','35','5',null,'S','1');
Insert into APP_OWNER.MEDIO_PRODUCTO (ID,PRODUCTO_ID,MEDIO_ID,VARIANTE_ID,ES_PORTADA,ORDEN) values ('8','37','7',null,'S','1');
Insert into APP_OWNER.MEDIO_PRODUCTO (ID,PRODUCTO_ID,MEDIO_ID,VARIANTE_ID,ES_PORTADA,ORDEN) values ('9','38','8',null,'S','1');
Insert into APP_OWNER.MEDIO_PRODUCTO (ID,PRODUCTO_ID,MEDIO_ID,VARIANTE_ID,ES_PORTADA,ORDEN) values ('10','39','9',null,'S','1');
Insert into APP_OWNER.MEDIO_PRODUCTO (ID,PRODUCTO_ID,MEDIO_ID,VARIANTE_ID,ES_PORTADA,ORDEN) values ('11','66','10',null,'S','1');
Insert into APP_OWNER.MEDIO_PRODUCTO (ID,PRODUCTO_ID,MEDIO_ID,VARIANTE_ID,ES_PORTADA,ORDEN) values ('12','68','11',null,'S','1');
Insert into APP_OWNER.MEDIO_PRODUCTO (ID,PRODUCTO_ID,MEDIO_ID,VARIANTE_ID,ES_PORTADA,ORDEN) values ('13','69','12',null,'S','1');
Insert into APP_OWNER.MEDIO_PRODUCTO (ID,PRODUCTO_ID,MEDIO_ID,VARIANTE_ID,ES_PORTADA,ORDEN) values ('14','71','14',null,'S','1');
Insert into APP_OWNER.MEDIO_PRODUCTO (ID,PRODUCTO_ID,MEDIO_ID,VARIANTE_ID,ES_PORTADA,ORDEN) values ('15','72','15',null,'S','1');
Insert into APP_OWNER.MEDIO_PRODUCTO (ID,PRODUCTO_ID,MEDIO_ID,VARIANTE_ID,ES_PORTADA,ORDEN) values ('16','73','16',null,'S','1');
Insert into APP_OWNER.MEDIO_PRODUCTO (ID,PRODUCTO_ID,MEDIO_ID,VARIANTE_ID,ES_PORTADA,ORDEN) values ('17','74','17',null,'S','1');
Insert into APP_OWNER.MEDIO_PRODUCTO (ID,PRODUCTO_ID,MEDIO_ID,VARIANTE_ID,ES_PORTADA,ORDEN) values ('18','75','18',null,'S','1');
Insert into APP_OWNER.MEDIO_PRODUCTO (ID,PRODUCTO_ID,MEDIO_ID,VARIANTE_ID,ES_PORTADA,ORDEN) values ('19','76','19',null,'S','1');
Insert into APP_OWNER.MEDIO_PRODUCTO (ID,PRODUCTO_ID,MEDIO_ID,VARIANTE_ID,ES_PORTADA,ORDEN) values ('20','77','20',null,'S','1');
Insert into APP_OWNER.MEDIO_PRODUCTO (ID,PRODUCTO_ID,MEDIO_ID,VARIANTE_ID,ES_PORTADA,ORDEN) values ('21','79','21',null,'S','1');
Insert into APP_OWNER.MEDIO_PRODUCTO (ID,PRODUCTO_ID,MEDIO_ID,VARIANTE_ID,ES_PORTADA,ORDEN) values ('22','80','22',null,'S','1');
Insert into APP_OWNER.MEDIO_PRODUCTO (ID,PRODUCTO_ID,MEDIO_ID,VARIANTE_ID,ES_PORTADA,ORDEN) values ('23','81','23',null,'S','1');
Insert into APP_OWNER.MEDIO_PRODUCTO (ID,PRODUCTO_ID,MEDIO_ID,VARIANTE_ID,ES_PORTADA,ORDEN) values ('24','82','24',null,'S','1');
Insert into APP_OWNER.MEDIO_PRODUCTO (ID,PRODUCTO_ID,MEDIO_ID,VARIANTE_ID,ES_PORTADA,ORDEN) values ('25','83','25',null,'S','1');
REM INSERTING into APP_OWNER.PEDIDOS
SET DEFINE OFF;
Insert into APP_OWNER.PEDIDOS (FECHA_PEDIDO,FECHA_RETIRO,ESTADO,TOTAL_PRECIO,CREADO_EN,ACTUALIZADO_EN,USUARIO_ID,LOCAL_ID,ID) values (to_timestamp_tz('01/11/25 02:19:36,347346000 AM GMT','DD/MM/RR HH12:MI:SSXFF AM TZR'),to_timestamp_tz('01/11/25 03:04:36,347346000 AM GMT','DD/MM/RR HH12:MI:SSXFF AM TZR'),'pagado','12',to_timestamp_tz('01/11/25 02:19:36,347346000 AM GMT','DD/MM/RR HH12:MI:SSXFF AM TZR'),to_timestamp_tz('01/11/25 02:19:36,347346000 AM GMT','DD/MM/RR HH12:MI:SSXFF AM TZR'),'1','7','1');
Insert into APP_OWNER.PEDIDOS (FECHA_PEDIDO,FECHA_RETIRO,ESTADO,TOTAL_PRECIO,CREADO_EN,ACTUALIZADO_EN,USUARIO_ID,LOCAL_ID,ID) values (to_timestamp_tz('01/11/25 02:19:36,443414000 AM GMT','DD/MM/RR HH12:MI:SSXFF AM TZR'),to_timestamp_tz('01/11/25 03:04:36,443414000 AM GMT','DD/MM/RR HH12:MI:SSXFF AM TZR'),'pendiente','12',to_timestamp_tz('01/11/25 02:19:36,443414000 AM GMT','DD/MM/RR HH12:MI:SSXFF AM TZR'),to_timestamp_tz('01/11/25 02:19:36,443414000 AM GMT','DD/MM/RR HH12:MI:SSXFF AM TZR'),'2','7','2');
Insert into APP_OWNER.PEDIDOS (FECHA_PEDIDO,FECHA_RETIRO,ESTADO,TOTAL_PRECIO,CREADO_EN,ACTUALIZADO_EN,USUARIO_ID,LOCAL_ID,ID) values (to_timestamp_tz('01/11/25 02:19:36,535841000 AM GMT','DD/MM/RR HH12:MI:SSXFF AM TZR'),to_timestamp_tz('01/11/25 03:04:36,535841000 AM GMT','DD/MM/RR HH12:MI:SSXFF AM TZR'),'pagado','12',to_timestamp_tz('01/11/25 02:19:36,535841000 AM GMT','DD/MM/RR HH12:MI:SSXFF AM TZR'),to_timestamp_tz('01/11/25 02:19:36,535841000 AM GMT','DD/MM/RR HH12:MI:SSXFF AM TZR'),'3','7','3');
Insert into APP_OWNER.PEDIDOS (FECHA_PEDIDO,FECHA_RETIRO,ESTADO,TOTAL_PRECIO,CREADO_EN,ACTUALIZADO_EN,USUARIO_ID,LOCAL_ID,ID) values (to_timestamp_tz('01/11/25 02:19:36,668489000 AM GMT','DD/MM/RR HH12:MI:SSXFF AM TZR'),to_timestamp_tz('01/11/25 03:04:36,668489000 AM GMT','DD/MM/RR HH12:MI:SSXFF AM TZR'),'enviado','12',to_timestamp_tz('01/11/25 02:19:36,668489000 AM GMT','DD/MM/RR HH12:MI:SSXFF AM TZR'),to_timestamp_tz('01/11/25 02:19:36,668489000 AM GMT','DD/MM/RR HH12:MI:SSXFF AM TZR'),'4','7','4');
Insert into APP_OWNER.PEDIDOS (FECHA_PEDIDO,FECHA_RETIRO,ESTADO,TOTAL_PRECIO,CREADO_EN,ACTUALIZADO_EN,USUARIO_ID,LOCAL_ID,ID) values (to_timestamp_tz('01/11/25 02:19:36,760836000 AM GMT','DD/MM/RR HH12:MI:SSXFF AM TZR'),to_timestamp_tz('01/11/25 03:04:36,760836000 AM GMT','DD/MM/RR HH12:MI:SSXFF AM TZR'),'pagado','12',to_timestamp_tz('01/11/25 02:19:36,760836000 AM GMT','DD/MM/RR HH12:MI:SSXFF AM TZR'),to_timestamp_tz('01/11/25 02:19:36,760836000 AM GMT','DD/MM/RR HH12:MI:SSXFF AM TZR'),'5','7','5');
Insert into APP_OWNER.PEDIDOS (FECHA_PEDIDO,FECHA_RETIRO,ESTADO,TOTAL_PRECIO,CREADO_EN,ACTUALIZADO_EN,USUARIO_ID,LOCAL_ID,ID) values (to_timestamp_tz('01/11/25 02:19:37,374930000 AM GMT','DD/MM/RR HH12:MI:SSXFF AM TZR'),to_timestamp_tz('01/11/25 03:04:37,374930000 AM GMT','DD/MM/RR HH12:MI:SSXFF AM TZR'),'pendiente','12',to_timestamp_tz('01/11/25 02:19:37,374930000 AM GMT','DD/MM/RR HH12:MI:SSXFF AM TZR'),to_timestamp_tz('01/11/25 02:19:37,374930000 AM GMT','DD/MM/RR HH12:MI:SSXFF AM TZR'),'6','7','6');
Insert into APP_OWNER.PEDIDOS (FECHA_PEDIDO,FECHA_RETIRO,ESTADO,TOTAL_PRECIO,CREADO_EN,ACTUALIZADO_EN,USUARIO_ID,LOCAL_ID,ID) values (to_timestamp_tz('01/11/25 02:19:37,465252000 AM GMT','DD/MM/RR HH12:MI:SSXFF AM TZR'),to_timestamp_tz('01/11/25 03:04:37,465252000 AM GMT','DD/MM/RR HH12:MI:SSXFF AM TZR'),'pagado','12',to_timestamp_tz('01/11/25 02:19:37,465252000 AM GMT','DD/MM/RR HH12:MI:SSXFF AM TZR'),to_timestamp_tz('01/11/25 02:19:37,465252000 AM GMT','DD/MM/RR HH12:MI:SSXFF AM TZR'),'7','7','7');
Insert into APP_OWNER.PEDIDOS (FECHA_PEDIDO,FECHA_RETIRO,ESTADO,TOTAL_PRECIO,CREADO_EN,ACTUALIZADO_EN,USUARIO_ID,LOCAL_ID,ID) values (to_timestamp_tz('01/11/25 02:19:37,557524000 AM GMT','DD/MM/RR HH12:MI:SSXFF AM TZR'),to_timestamp_tz('01/11/25 03:04:37,557524000 AM GMT','DD/MM/RR HH12:MI:SSXFF AM TZR'),'pagado','12',to_timestamp_tz('01/11/25 02:19:37,557524000 AM GMT','DD/MM/RR HH12:MI:SSXFF AM TZR'),to_timestamp_tz('01/11/25 02:19:37,557524000 AM GMT','DD/MM/RR HH12:MI:SSXFF AM TZR'),'8','7','8');
Insert into APP_OWNER.PEDIDOS (FECHA_PEDIDO,FECHA_RETIRO,ESTADO,TOTAL_PRECIO,CREADO_EN,ACTUALIZADO_EN,USUARIO_ID,LOCAL_ID,ID) values (to_timestamp_tz('01/11/25 02:19:37,649615000 AM GMT','DD/MM/RR HH12:MI:SSXFF AM TZR'),to_timestamp_tz('01/11/25 03:04:37,649615000 AM GMT','DD/MM/RR HH12:MI:SSXFF AM TZR'),'completado','12',to_timestamp_tz('01/11/25 02:19:37,649615000 AM GMT','DD/MM/RR HH12:MI:SSXFF AM TZR'),to_timestamp_tz('01/11/25 02:19:37,649615000 AM GMT','DD/MM/RR HH12:MI:SSXFF AM TZR'),'9','7','9');
Insert into APP_OWNER.PEDIDOS (FECHA_PEDIDO,FECHA_RETIRO,ESTADO,TOTAL_PRECIO,CREADO_EN,ACTUALIZADO_EN,USUARIO_ID,LOCAL_ID,ID) values (to_timestamp_tz('01/11/25 02:19:37,742575000 AM GMT','DD/MM/RR HH12:MI:SSXFF AM TZR'),to_timestamp_tz('01/11/25 03:04:37,742575000 AM GMT','DD/MM/RR HH12:MI:SSXFF AM TZR'),'pagado','12',to_timestamp_tz('01/11/25 02:19:37,742575000 AM GMT','DD/MM/RR HH12:MI:SSXFF AM TZR'),to_timestamp_tz('01/11/25 02:19:37,742575000 AM GMT','DD/MM/RR HH12:MI:SSXFF AM TZR'),'10','7','10');
Insert into APP_OWNER.PEDIDOS (FECHA_PEDIDO,FECHA_RETIRO,ESTADO,TOTAL_PRECIO,CREADO_EN,ACTUALIZADO_EN,USUARIO_ID,LOCAL_ID,ID) values (to_timestamp_tz('01/11/25 02:36:29,328613000 AM GMT','DD/MM/RR HH12:MI:SSXFF AM TZR'),to_timestamp_tz('01/11/25 03:16:29,328613000 AM GMT','DD/MM/RR HH12:MI:SSXFF AM TZR'),'pagado','10,8',to_timestamp_tz('01/11/25 02:36:29,328613000 AM GMT','DD/MM/RR HH12:MI:SSXFF AM TZR'),to_timestamp_tz('01/11/25 02:36:29,328613000 AM GMT','DD/MM/RR HH12:MI:SSXFF AM TZR'),'1','1','11');
Insert into APP_OWNER.PEDIDOS (FECHA_PEDIDO,FECHA_RETIRO,ESTADO,TOTAL_PRECIO,CREADO_EN,ACTUALIZADO_EN,USUARIO_ID,LOCAL_ID,ID) values (to_timestamp_tz('01/11/25 02:36:29,424194000 AM GMT','DD/MM/RR HH12:MI:SSXFF AM TZR'),to_timestamp_tz('01/11/25 03:11:29,424194000 AM GMT','DD/MM/RR HH12:MI:SSXFF AM TZR'),'pagado','10,2',to_timestamp_tz('01/11/25 02:36:29,424194000 AM GMT','DD/MM/RR HH12:MI:SSXFF AM TZR'),to_timestamp_tz('01/11/25 02:36:29,424194000 AM GMT','DD/MM/RR HH12:MI:SSXFF AM TZR'),'2','2','12');
Insert into APP_OWNER.PEDIDOS (FECHA_PEDIDO,FECHA_RETIRO,ESTADO,TOTAL_PRECIO,CREADO_EN,ACTUALIZADO_EN,USUARIO_ID,LOCAL_ID,ID) values (to_timestamp_tz('01/11/25 02:36:29,517391000 AM GMT','DD/MM/RR HH12:MI:SSXFF AM TZR'),to_timestamp_tz('01/11/25 03:06:29,517391000 AM GMT','DD/MM/RR HH12:MI:SSXFF AM TZR'),'pagado','7',to_timestamp_tz('01/11/25 02:36:29,517391000 AM GMT','DD/MM/RR HH12:MI:SSXFF AM TZR'),to_timestamp_tz('01/11/25 02:36:29,517391000 AM GMT','DD/MM/RR HH12:MI:SSXFF AM TZR'),'3','3','13');
Insert into APP_OWNER.PEDIDOS (FECHA_PEDIDO,FECHA_RETIRO,ESTADO,TOTAL_PRECIO,CREADO_EN,ACTUALIZADO_EN,USUARIO_ID,LOCAL_ID,ID) values (to_timestamp_tz('01/11/25 02:36:29,611773000 AM GMT','DD/MM/RR HH12:MI:SSXFF AM TZR'),to_timestamp_tz('01/11/25 03:26:29,611773000 AM GMT','DD/MM/RR HH12:MI:SSXFF AM TZR'),'pagado','5',to_timestamp_tz('01/11/25 02:36:29,611773000 AM GMT','DD/MM/RR HH12:MI:SSXFF AM TZR'),to_timestamp_tz('01/11/25 02:36:29,611773000 AM GMT','DD/MM/RR HH12:MI:SSXFF AM TZR'),'4','4','14');
Insert into APP_OWNER.PEDIDOS (FECHA_PEDIDO,FECHA_RETIRO,ESTADO,TOTAL_PRECIO,CREADO_EN,ACTUALIZADO_EN,USUARIO_ID,LOCAL_ID,ID) values (to_timestamp_tz('01/11/25 02:36:29,706274000 AM GMT','DD/MM/RR HH12:MI:SSXFF AM TZR'),to_timestamp_tz('01/11/25 03:21:29,706274000 AM GMT','DD/MM/RR HH12:MI:SSXFF AM TZR'),'pagado','10,56',to_timestamp_tz('01/11/25 02:36:29,706274000 AM GMT','DD/MM/RR HH12:MI:SSXFF AM TZR'),to_timestamp_tz('01/11/25 02:36:29,706274000 AM GMT','DD/MM/RR HH12:MI:SSXFF AM TZR'),'5','5','15');
Insert into APP_OWNER.PEDIDOS (FECHA_PEDIDO,FECHA_RETIRO,ESTADO,TOTAL_PRECIO,CREADO_EN,ACTUALIZADO_EN,USUARIO_ID,LOCAL_ID,ID) values (to_timestamp_tz('01/11/25 02:36:29,799418000 AM GMT','DD/MM/RR HH12:MI:SSXFF AM TZR'),to_timestamp_tz('01/11/25 03:16:29,799418000 AM GMT','DD/MM/RR HH12:MI:SSXFF AM TZR'),'pagado','9,6',to_timestamp_tz('01/11/25 02:36:29,799418000 AM GMT','DD/MM/RR HH12:MI:SSXFF AM TZR'),to_timestamp_tz('01/11/25 02:36:29,799418000 AM GMT','DD/MM/RR HH12:MI:SSXFF AM TZR'),'6','6','16');
Insert into APP_OWNER.PEDIDOS (FECHA_PEDIDO,FECHA_RETIRO,ESTADO,TOTAL_PRECIO,CREADO_EN,ACTUALIZADO_EN,USUARIO_ID,LOCAL_ID,ID) values (to_timestamp_tz('01/11/25 02:36:29,896335000 AM GMT','DD/MM/RR HH12:MI:SSXFF AM TZR'),to_timestamp_tz('01/11/25 03:31:29,896335000 AM GMT','DD/MM/RR HH12:MI:SSXFF AM TZR'),'pagado','9',to_timestamp_tz('01/11/25 02:36:29,896335000 AM GMT','DD/MM/RR HH12:MI:SSXFF AM TZR'),to_timestamp_tz('01/11/25 02:36:29,896335000 AM GMT','DD/MM/RR HH12:MI:SSXFF AM TZR'),'7','7','17');
Insert into APP_OWNER.PEDIDOS (FECHA_PEDIDO,FECHA_RETIRO,ESTADO,TOTAL_PRECIO,CREADO_EN,ACTUALIZADO_EN,USUARIO_ID,LOCAL_ID,ID) values (to_timestamp_tz('01/11/25 02:36:29,990934000 AM GMT','DD/MM/RR HH12:MI:SSXFF AM TZR'),to_timestamp_tz('01/11/25 03:11:29,990934000 AM GMT','DD/MM/RR HH12:MI:SSXFF AM TZR'),'pagado','9',to_timestamp_tz('01/11/25 02:36:29,990934000 AM GMT','DD/MM/RR HH12:MI:SSXFF AM TZR'),to_timestamp_tz('01/11/25 02:36:29,990934000 AM GMT','DD/MM/RR HH12:MI:SSXFF AM TZR'),'8','8','18');
Insert into APP_OWNER.PEDIDOS (FECHA_PEDIDO,FECHA_RETIRO,ESTADO,TOTAL_PRECIO,CREADO_EN,ACTUALIZADO_EN,USUARIO_ID,LOCAL_ID,ID) values (to_timestamp_tz('01/11/25 02:36:30,085779000 AM GMT','DD/MM/RR HH12:MI:SSXFF AM TZR'),to_timestamp_tz('01/11/25 03:18:30,085779000 AM GMT','DD/MM/RR HH12:MI:SSXFF AM TZR'),'pagado','10',to_timestamp_tz('01/11/25 02:36:30,085779000 AM GMT','DD/MM/RR HH12:MI:SSXFF AM TZR'),to_timestamp_tz('01/11/25 02:36:30,085779000 AM GMT','DD/MM/RR HH12:MI:SSXFF AM TZR'),'9','9','19');
Insert into APP_OWNER.PEDIDOS (FECHA_PEDIDO,FECHA_RETIRO,ESTADO,TOTAL_PRECIO,CREADO_EN,ACTUALIZADO_EN,USUARIO_ID,LOCAL_ID,ID) values (to_timestamp_tz('01/11/25 02:36:30,180091000 AM GMT','DD/MM/RR HH12:MI:SSXFF AM TZR'),to_timestamp_tz('01/11/25 03:24:30,180091000 AM GMT','DD/MM/RR HH12:MI:SSXFF AM TZR'),'pagado','7',to_timestamp_tz('01/11/25 02:36:30,180091000 AM GMT','DD/MM/RR HH12:MI:SSXFF AM TZR'),to_timestamp_tz('01/11/25 02:36:30,180091000 AM GMT','DD/MM/RR HH12:MI:SSXFF AM TZR'),'10','10','20');
Insert into APP_OWNER.PEDIDOS (FECHA_PEDIDO,FECHA_RETIRO,ESTADO,TOTAL_PRECIO,CREADO_EN,ACTUALIZADO_EN,USUARIO_ID,LOCAL_ID,ID) values (to_timestamp_tz('03/11/25 10:44:35,524233000 PM GMT','DD/MM/RR HH12:MI:SSXFF AM TZR'),to_timestamp_tz('04/11/25 12:44:35,524233000 AM GMT','DD/MM/RR HH12:MI:SSXFF AM TZR'),'pendiente','60',to_timestamp_tz('03/11/25 11:44:35,524233000 PM GMT','DD/MM/RR HH12:MI:SSXFF AM TZR'),to_timestamp_tz('03/11/25 11:44:35,524233000 PM GMT','DD/MM/RR HH12:MI:SSXFF AM TZR'),'4','4','21');
Insert into APP_OWNER.PEDIDOS (FECHA_PEDIDO,FECHA_RETIRO,ESTADO,TOTAL_PRECIO,CREADO_EN,ACTUALIZADO_EN,USUARIO_ID,LOCAL_ID,ID) values (to_timestamp_tz('03/11/25 10:44:35,545564000 PM GMT','DD/MM/RR HH12:MI:SSXFF AM TZR'),to_timestamp_tz('04/11/25 12:44:35,545564000 AM GMT','DD/MM/RR HH12:MI:SSXFF AM TZR'),'pendiente','60',to_timestamp_tz('03/11/25 11:44:35,545564000 PM GMT','DD/MM/RR HH12:MI:SSXFF AM TZR'),to_timestamp_tz('03/11/25 11:44:35,545564000 PM GMT','DD/MM/RR HH12:MI:SSXFF AM TZR'),'5','5','22');
Insert into APP_OWNER.PEDIDOS (FECHA_PEDIDO,FECHA_RETIRO,ESTADO,TOTAL_PRECIO,CREADO_EN,ACTUALIZADO_EN,USUARIO_ID,LOCAL_ID,ID) values (to_timestamp_tz('03/11/25 10:44:35,559864000 PM GMT','DD/MM/RR HH12:MI:SSXFF AM TZR'),to_timestamp_tz('04/11/25 12:44:35,559864000 AM GMT','DD/MM/RR HH12:MI:SSXFF AM TZR'),'pendiente','60',to_timestamp_tz('03/11/25 11:44:35,559864000 PM GMT','DD/MM/RR HH12:MI:SSXFF AM TZR'),to_timestamp_tz('03/11/25 11:44:35,559864000 PM GMT','DD/MM/RR HH12:MI:SSXFF AM TZR'),'6','6','23');
Insert into APP_OWNER.PEDIDOS (FECHA_PEDIDO,FECHA_RETIRO,ESTADO,TOTAL_PRECIO,CREADO_EN,ACTUALIZADO_EN,USUARIO_ID,LOCAL_ID,ID) values (to_timestamp_tz('03/11/25 10:44:35,574051000 PM GMT','DD/MM/RR HH12:MI:SSXFF AM TZR'),to_timestamp_tz('04/11/25 12:44:35,574051000 AM GMT','DD/MM/RR HH12:MI:SSXFF AM TZR'),'pendiente','60',to_timestamp_tz('03/11/25 11:44:35,574051000 PM GMT','DD/MM/RR HH12:MI:SSXFF AM TZR'),to_timestamp_tz('03/11/25 11:44:35,574051000 PM GMT','DD/MM/RR HH12:MI:SSXFF AM TZR'),'7','7','24');
Insert into APP_OWNER.PEDIDOS (FECHA_PEDIDO,FECHA_RETIRO,ESTADO,TOTAL_PRECIO,CREADO_EN,ACTUALIZADO_EN,USUARIO_ID,LOCAL_ID,ID) values (to_timestamp_tz('03/11/25 10:44:35,589752000 PM GMT','DD/MM/RR HH12:MI:SSXFF AM TZR'),to_timestamp_tz('04/11/25 12:44:35,589752000 AM GMT','DD/MM/RR HH12:MI:SSXFF AM TZR'),'pendiente','100',to_timestamp_tz('03/11/25 11:44:35,589752000 PM GMT','DD/MM/RR HH12:MI:SSXFF AM TZR'),to_timestamp_tz('03/11/25 11:44:35,589752000 PM GMT','DD/MM/RR HH12:MI:SSXFF AM TZR'),'8','8','25');
Insert into APP_OWNER.PEDIDOS (FECHA_PEDIDO,FECHA_RETIRO,ESTADO,TOTAL_PRECIO,CREADO_EN,ACTUALIZADO_EN,USUARIO_ID,LOCAL_ID,ID) values (to_timestamp_tz('03/11/25 10:44:35,603828000 PM GMT','DD/MM/RR HH12:MI:SSXFF AM TZR'),to_timestamp_tz('04/11/25 12:44:35,603828000 AM GMT','DD/MM/RR HH12:MI:SSXFF AM TZR'),'pendiente','100',to_timestamp_tz('03/11/25 11:44:35,603828000 PM GMT','DD/MM/RR HH12:MI:SSXFF AM TZR'),to_timestamp_tz('03/11/25 11:44:35,603828000 PM GMT','DD/MM/RR HH12:MI:SSXFF AM TZR'),'9','9','26');
Insert into APP_OWNER.PEDIDOS (FECHA_PEDIDO,FECHA_RETIRO,ESTADO,TOTAL_PRECIO,CREADO_EN,ACTUALIZADO_EN,USUARIO_ID,LOCAL_ID,ID) values (to_timestamp_tz('03/11/25 10:44:35,619785000 PM GMT','DD/MM/RR HH12:MI:SSXFF AM TZR'),to_timestamp_tz('04/11/25 12:44:35,619785000 AM GMT','DD/MM/RR HH12:MI:SSXFF AM TZR'),'pendiente','7',to_timestamp_tz('03/11/25 11:44:35,619785000 PM GMT','DD/MM/RR HH12:MI:SSXFF AM TZR'),to_timestamp_tz('03/11/25 11:44:35,619785000 PM GMT','DD/MM/RR HH12:MI:SSXFF AM TZR'),'10','10','27');
Insert into APP_OWNER.PEDIDOS (FECHA_PEDIDO,FECHA_RETIRO,ESTADO,TOTAL_PRECIO,CREADO_EN,ACTUALIZADO_EN,USUARIO_ID,LOCAL_ID,ID) values (to_timestamp_tz('03/11/25 10:44:35,636273000 PM GMT','DD/MM/RR HH12:MI:SSXFF AM TZR'),to_timestamp_tz('04/11/25 12:44:35,636273000 AM GMT','DD/MM/RR HH12:MI:SSXFF AM TZR'),'pendiente','7',to_timestamp_tz('03/11/25 11:44:35,636273000 PM GMT','DD/MM/RR HH12:MI:SSXFF AM TZR'),to_timestamp_tz('03/11/25 11:44:35,636273000 PM GMT','DD/MM/RR HH12:MI:SSXFF AM TZR'),'1','1','28');
Insert into APP_OWNER.PEDIDOS (FECHA_PEDIDO,FECHA_RETIRO,ESTADO,TOTAL_PRECIO,CREADO_EN,ACTUALIZADO_EN,USUARIO_ID,LOCAL_ID,ID) values (to_timestamp_tz('03/11/25 10:49:35,668034000 PM GMT','DD/MM/RR HH12:MI:SSXFF AM TZR'),to_timestamp_tz('04/11/25 12:49:35,668034000 AM GMT','DD/MM/RR HH12:MI:SSXFF AM TZR'),'pendiente','60',to_timestamp_tz('03/11/25 11:49:35,668034000 PM GMT','DD/MM/RR HH12:MI:SSXFF AM TZR'),to_timestamp_tz('03/11/25 11:49:35,668034000 PM GMT','DD/MM/RR HH12:MI:SSXFF AM TZR'),'4','4','29');
Insert into APP_OWNER.PEDIDOS (FECHA_PEDIDO,FECHA_RETIRO,ESTADO,TOTAL_PRECIO,CREADO_EN,ACTUALIZADO_EN,USUARIO_ID,LOCAL_ID,ID) values (to_timestamp_tz('03/11/25 10:49:35,692607000 PM GMT','DD/MM/RR HH12:MI:SSXFF AM TZR'),to_timestamp_tz('04/11/25 12:49:35,692607000 AM GMT','DD/MM/RR HH12:MI:SSXFF AM TZR'),'pendiente','60',to_timestamp_tz('03/11/25 11:49:35,692607000 PM GMT','DD/MM/RR HH12:MI:SSXFF AM TZR'),to_timestamp_tz('03/11/25 11:49:35,692607000 PM GMT','DD/MM/RR HH12:MI:SSXFF AM TZR'),'5','5','30');
Insert into APP_OWNER.PEDIDOS (FECHA_PEDIDO,FECHA_RETIRO,ESTADO,TOTAL_PRECIO,CREADO_EN,ACTUALIZADO_EN,USUARIO_ID,LOCAL_ID,ID) values (to_timestamp_tz('03/11/25 10:49:35,716262000 PM GMT','DD/MM/RR HH12:MI:SSXFF AM TZR'),to_timestamp_tz('04/11/25 12:49:35,716262000 AM GMT','DD/MM/RR HH12:MI:SSXFF AM TZR'),'pendiente','60',to_timestamp_tz('03/11/25 11:49:35,716262000 PM GMT','DD/MM/RR HH12:MI:SSXFF AM TZR'),to_timestamp_tz('03/11/25 11:49:35,716262000 PM GMT','DD/MM/RR HH12:MI:SSXFF AM TZR'),'6','6','31');
Insert into APP_OWNER.PEDIDOS (FECHA_PEDIDO,FECHA_RETIRO,ESTADO,TOTAL_PRECIO,CREADO_EN,ACTUALIZADO_EN,USUARIO_ID,LOCAL_ID,ID) values (to_timestamp_tz('03/11/25 10:49:35,739714000 PM GMT','DD/MM/RR HH12:MI:SSXFF AM TZR'),to_timestamp_tz('04/11/25 12:49:35,739714000 AM GMT','DD/MM/RR HH12:MI:SSXFF AM TZR'),'pendiente','60',to_timestamp_tz('03/11/25 11:49:35,739714000 PM GMT','DD/MM/RR HH12:MI:SSXFF AM TZR'),to_timestamp_tz('03/11/25 11:49:35,739714000 PM GMT','DD/MM/RR HH12:MI:SSXFF AM TZR'),'7','7','32');
Insert into APP_OWNER.PEDIDOS (FECHA_PEDIDO,FECHA_RETIRO,ESTADO,TOTAL_PRECIO,CREADO_EN,ACTUALIZADO_EN,USUARIO_ID,LOCAL_ID,ID) values (to_timestamp_tz('03/11/25 10:49:35,763631000 PM GMT','DD/MM/RR HH12:MI:SSXFF AM TZR'),to_timestamp_tz('04/11/25 12:49:35,763631000 AM GMT','DD/MM/RR HH12:MI:SSXFF AM TZR'),'pendiente','100',to_timestamp_tz('03/11/25 11:49:35,763631000 PM GMT','DD/MM/RR HH12:MI:SSXFF AM TZR'),to_timestamp_tz('03/11/25 11:49:35,763631000 PM GMT','DD/MM/RR HH12:MI:SSXFF AM TZR'),'8','8','33');
Insert into APP_OWNER.PEDIDOS (FECHA_PEDIDO,FECHA_RETIRO,ESTADO,TOTAL_PRECIO,CREADO_EN,ACTUALIZADO_EN,USUARIO_ID,LOCAL_ID,ID) values (to_timestamp_tz('03/11/25 10:49:35,787784000 PM GMT','DD/MM/RR HH12:MI:SSXFF AM TZR'),to_timestamp_tz('04/11/25 12:49:35,787784000 AM GMT','DD/MM/RR HH12:MI:SSXFF AM TZR'),'pendiente','100',to_timestamp_tz('03/11/25 11:49:35,787784000 PM GMT','DD/MM/RR HH12:MI:SSXFF AM TZR'),to_timestamp_tz('03/11/25 11:49:35,787784000 PM GMT','DD/MM/RR HH12:MI:SSXFF AM TZR'),'9','9','34');
Insert into APP_OWNER.PEDIDOS (FECHA_PEDIDO,FECHA_RETIRO,ESTADO,TOTAL_PRECIO,CREADO_EN,ACTUALIZADO_EN,USUARIO_ID,LOCAL_ID,ID) values (to_timestamp_tz('03/11/25 10:49:35,812089000 PM GMT','DD/MM/RR HH12:MI:SSXFF AM TZR'),to_timestamp_tz('04/11/25 12:49:35,812089000 AM GMT','DD/MM/RR HH12:MI:SSXFF AM TZR'),'pendiente','7',to_timestamp_tz('03/11/25 11:49:35,812089000 PM GMT','DD/MM/RR HH12:MI:SSXFF AM TZR'),to_timestamp_tz('03/11/25 11:49:35,812089000 PM GMT','DD/MM/RR HH12:MI:SSXFF AM TZR'),'10','10','35');
Insert into APP_OWNER.PEDIDOS (FECHA_PEDIDO,FECHA_RETIRO,ESTADO,TOTAL_PRECIO,CREADO_EN,ACTUALIZADO_EN,USUARIO_ID,LOCAL_ID,ID) values (to_timestamp_tz('03/11/25 10:49:35,835925000 PM GMT','DD/MM/RR HH12:MI:SSXFF AM TZR'),to_timestamp_tz('04/11/25 12:49:35,835925000 AM GMT','DD/MM/RR HH12:MI:SSXFF AM TZR'),'pendiente','7',to_timestamp_tz('03/11/25 11:49:35,835925000 PM GMT','DD/MM/RR HH12:MI:SSXFF AM TZR'),to_timestamp_tz('03/11/25 11:49:35,835925000 PM GMT','DD/MM/RR HH12:MI:SSXFF AM TZR'),'1','1','36');
Insert into APP_OWNER.PEDIDOS (FECHA_PEDIDO,FECHA_RETIRO,ESTADO,TOTAL_PRECIO,CREADO_EN,ACTUALIZADO_EN,USUARIO_ID,LOCAL_ID,ID) values (to_timestamp_tz('03/11/25 10:53:23,506783000 PM GMT','DD/MM/RR HH12:MI:SSXFF AM TZR'),to_timestamp_tz('04/11/25 12:53:23,506783000 AM GMT','DD/MM/RR HH12:MI:SSXFF AM TZR'),'cancelado','12',to_timestamp_tz('03/11/25 11:53:23,506783000 PM GMT','DD/MM/RR HH12:MI:SSXFF AM TZR'),to_timestamp_tz('03/11/25 11:53:23,553614000 PM GMT','DD/MM/RR HH12:MI:SSXFF AM TZR'),'1','1','37');
Insert into APP_OWNER.PEDIDOS (FECHA_PEDIDO,FECHA_RETIRO,ESTADO,TOTAL_PRECIO,CREADO_EN,ACTUALIZADO_EN,USUARIO_ID,LOCAL_ID,ID) values (to_timestamp_tz('03/11/25 10:53:23,657361000 PM GMT','DD/MM/RR HH12:MI:SSXFF AM TZR'),to_timestamp_tz('04/11/25 12:53:23,657361000 AM GMT','DD/MM/RR HH12:MI:SSXFF AM TZR'),'cancelado','24',to_timestamp_tz('03/11/25 11:53:23,657361000 PM GMT','DD/MM/RR HH12:MI:SSXFF AM TZR'),to_timestamp_tz('03/11/25 11:53:23,692768000 PM GMT','DD/MM/RR HH12:MI:SSXFF AM TZR'),'2','2','38');
Insert into APP_OWNER.PEDIDOS (FECHA_PEDIDO,FECHA_RETIRO,ESTADO,TOTAL_PRECIO,CREADO_EN,ACTUALIZADO_EN,USUARIO_ID,LOCAL_ID,ID) values (to_timestamp_tz('03/11/25 10:53:23,704022000 PM GMT','DD/MM/RR HH12:MI:SSXFF AM TZR'),to_timestamp_tz('04/11/25 12:53:23,704022000 AM GMT','DD/MM/RR HH12:MI:SSXFF AM TZR'),'cancelado','36',to_timestamp_tz('03/11/25 11:53:23,704022000 PM GMT','DD/MM/RR HH12:MI:SSXFF AM TZR'),to_timestamp_tz('03/11/25 11:53:23,734517000 PM GMT','DD/MM/RR HH12:MI:SSXFF AM TZR'),'3','3','39');
Insert into APP_OWNER.PEDIDOS (FECHA_PEDIDO,FECHA_RETIRO,ESTADO,TOTAL_PRECIO,CREADO_EN,ACTUALIZADO_EN,USUARIO_ID,LOCAL_ID,ID) values (to_timestamp_tz('03/11/25 10:53:23,745898000 PM GMT','DD/MM/RR HH12:MI:SSXFF AM TZR'),to_timestamp_tz('04/11/25 12:53:23,745898000 AM GMT','DD/MM/RR HH12:MI:SSXFF AM TZR'),'cancelado','48',to_timestamp_tz('03/11/25 11:53:23,745898000 PM GMT','DD/MM/RR HH12:MI:SSXFF AM TZR'),to_timestamp_tz('03/11/25 11:53:23,781744000 PM GMT','DD/MM/RR HH12:MI:SSXFF AM TZR'),'4','4','40');
Insert into APP_OWNER.PEDIDOS (FECHA_PEDIDO,FECHA_RETIRO,ESTADO,TOTAL_PRECIO,CREADO_EN,ACTUALIZADO_EN,USUARIO_ID,LOCAL_ID,ID) values (to_timestamp_tz('03/11/25 10:53:23,795267000 PM GMT','DD/MM/RR HH12:MI:SSXFF AM TZR'),to_timestamp_tz('04/11/25 12:53:23,795267000 AM GMT','DD/MM/RR HH12:MI:SSXFF AM TZR'),'cancelado','10',to_timestamp_tz('03/11/25 11:53:23,795267000 PM GMT','DD/MM/RR HH12:MI:SSXFF AM TZR'),to_timestamp_tz('03/11/25 11:53:23,829620000 PM GMT','DD/MM/RR HH12:MI:SSXFF AM TZR'),'5','5','41');
Insert into APP_OWNER.PEDIDOS (FECHA_PEDIDO,FECHA_RETIRO,ESTADO,TOTAL_PRECIO,CREADO_EN,ACTUALIZADO_EN,USUARIO_ID,LOCAL_ID,ID) values (to_timestamp_tz('03/11/25 10:53:23,845177000 PM GMT','DD/MM/RR HH12:MI:SSXFF AM TZR'),to_timestamp_tz('04/11/25 12:53:23,845177000 AM GMT','DD/MM/RR HH12:MI:SSXFF AM TZR'),'cancelado','20',to_timestamp_tz('03/11/25 11:53:23,845177000 PM GMT','DD/MM/RR HH12:MI:SSXFF AM TZR'),to_timestamp_tz('03/11/25 11:53:23,874242000 PM GMT','DD/MM/RR HH12:MI:SSXFF AM TZR'),'6','6','42');
Insert into APP_OWNER.PEDIDOS (FECHA_PEDIDO,FECHA_RETIRO,ESTADO,TOTAL_PRECIO,CREADO_EN,ACTUALIZADO_EN,USUARIO_ID,LOCAL_ID,ID) values (to_timestamp_tz('03/11/25 10:53:23,886475000 PM GMT','DD/MM/RR HH12:MI:SSXFF AM TZR'),to_timestamp_tz('04/11/25 12:53:23,886475000 AM GMT','DD/MM/RR HH12:MI:SSXFF AM TZR'),'cancelado','30',to_timestamp_tz('03/11/25 11:53:23,886475000 PM GMT','DD/MM/RR HH12:MI:SSXFF AM TZR'),to_timestamp_tz('03/11/25 11:53:23,916842000 PM GMT','DD/MM/RR HH12:MI:SSXFF AM TZR'),'7','7','43');
Insert into APP_OWNER.PEDIDOS (FECHA_PEDIDO,FECHA_RETIRO,ESTADO,TOTAL_PRECIO,CREADO_EN,ACTUALIZADO_EN,USUARIO_ID,LOCAL_ID,ID) values (to_timestamp_tz('03/11/25 10:53:23,927968000 PM GMT','DD/MM/RR HH12:MI:SSXFF AM TZR'),to_timestamp_tz('04/11/25 12:53:23,927968000 AM GMT','DD/MM/RR HH12:MI:SSXFF AM TZR'),'cancelado','7',to_timestamp_tz('03/11/25 11:53:23,927968000 PM GMT','DD/MM/RR HH12:MI:SSXFF AM TZR'),to_timestamp_tz('03/11/25 11:53:23,958198000 PM GMT','DD/MM/RR HH12:MI:SSXFF AM TZR'),'8','8','44');
Insert into APP_OWNER.PEDIDOS (FECHA_PEDIDO,FECHA_RETIRO,ESTADO,TOTAL_PRECIO,CREADO_EN,ACTUALIZADO_EN,USUARIO_ID,LOCAL_ID,ID) values (to_timestamp_tz('03/11/25 10:53:23,971419000 PM GMT','DD/MM/RR HH12:MI:SSXFF AM TZR'),to_timestamp_tz('04/11/25 12:53:23,971419000 AM GMT','DD/MM/RR HH12:MI:SSXFF AM TZR'),'cancelado','14',to_timestamp_tz('03/11/25 11:53:23,971419000 PM GMT','DD/MM/RR HH12:MI:SSXFF AM TZR'),to_timestamp_tz('03/11/25 11:53:24,001964000 PM GMT','DD/MM/RR HH12:MI:SSXFF AM TZR'),'9','9','45');
Insert into APP_OWNER.PEDIDOS (FECHA_PEDIDO,FECHA_RETIRO,ESTADO,TOTAL_PRECIO,CREADO_EN,ACTUALIZADO_EN,USUARIO_ID,LOCAL_ID,ID) values (to_timestamp_tz('03/11/25 10:53:24,015134000 PM GMT','DD/MM/RR HH12:MI:SSXFF AM TZR'),to_timestamp_tz('04/11/25 12:53:24,015134000 AM GMT','DD/MM/RR HH12:MI:SSXFF AM TZR'),'cancelado','21',to_timestamp_tz('03/11/25 11:53:24,015134000 PM GMT','DD/MM/RR HH12:MI:SSXFF AM TZR'),to_timestamp_tz('03/11/25 11:53:24,044003000 PM GMT','DD/MM/RR HH12:MI:SSXFF AM TZR'),'10','10','46');
REM INSERTING into APP_OWNER.PERFILES
SET DEFINE OFF;
Insert into APP_OWNER.PERFILES (NOMBRE,CORREO,TELEFONO,CREADO_EN,ACTUALIZADO_EN,ROL,ID) values ('Ana Rojas','ana.rojas@demo.com','999111001',to_timestamp_tz('01/11/25 02:19:34,448196000 AM GMT','DD/MM/RR HH12:MI:SSXFF AM TZR'),to_timestamp_tz('01/11/25 02:19:34,448196000 AM GMT','DD/MM/RR HH12:MI:SSXFF AM TZR'),'usuario','1');
Insert into APP_OWNER.PERFILES (NOMBRE,CORREO,TELEFONO,CREADO_EN,ACTUALIZADO_EN,ROL,ID) values ('Luis Pérez','luis.perez@demo.com','999111002',to_timestamp_tz('01/11/25 02:19:34,577607000 AM GMT','DD/MM/RR HH12:MI:SSXFF AM TZR'),to_timestamp_tz('01/11/25 02:19:34,577607000 AM GMT','DD/MM/RR HH12:MI:SSXFF AM TZR'),'usuario','2');
Insert into APP_OWNER.PERFILES (NOMBRE,CORREO,TELEFONO,CREADO_EN,ACTUALIZADO_EN,ROL,ID) values ('María Gómez','maria.gomez@demo.com','999111003',to_timestamp_tz('01/11/25 02:19:34,711105000 AM GMT','DD/MM/RR HH12:MI:SSXFF AM TZR'),to_timestamp_tz('01/11/25 02:19:34,711105000 AM GMT','DD/MM/RR HH12:MI:SSXFF AM TZR'),'usuario','3');
Insert into APP_OWNER.PERFILES (NOMBRE,CORREO,TELEFONO,CREADO_EN,ACTUALIZADO_EN,ROL,ID) values ('Jorge Silva','jorge.silva@demo.com','999111004',to_timestamp_tz('01/11/25 02:19:34,800702000 AM GMT','DD/MM/RR HH12:MI:SSXFF AM TZR'),to_timestamp_tz('01/11/25 02:19:34,800702000 AM GMT','DD/MM/RR HH12:MI:SSXFF AM TZR'),'usuario','4');
Insert into APP_OWNER.PERFILES (NOMBRE,CORREO,TELEFONO,CREADO_EN,ACTUALIZADO_EN,ROL,ID) values ('Carla Torres','carla.torres@demo.com','999111005',to_timestamp_tz('01/11/25 02:19:35,055973000 AM GMT','DD/MM/RR HH12:MI:SSXFF AM TZR'),to_timestamp_tz('01/11/25 02:19:35,055973000 AM GMT','DD/MM/RR HH12:MI:SSXFF AM TZR'),'usuario','5');
Insert into APP_OWNER.PERFILES (NOMBRE,CORREO,TELEFONO,CREADO_EN,ACTUALIZADO_EN,ROL,ID) values ('Diego Ramos','diego.ramos@demo.com','999111006',to_timestamp_tz('01/11/25 02:19:35,167372000 AM GMT','DD/MM/RR HH12:MI:SSXFF AM TZR'),to_timestamp_tz('01/11/25 02:19:35,167372000 AM GMT','DD/MM/RR HH12:MI:SSXFF AM TZR'),'usuario','6');
Insert into APP_OWNER.PERFILES (NOMBRE,CORREO,TELEFONO,CREADO_EN,ACTUALIZADO_EN,ROL,ID) values ('Sofía Díaz','sofia.diaz@demo.com','999111007',to_timestamp_tz('01/11/25 02:19:35,347120000 AM GMT','DD/MM/RR HH12:MI:SSXFF AM TZR'),to_timestamp_tz('01/11/25 02:19:35,347120000 AM GMT','DD/MM/RR HH12:MI:SSXFF AM TZR'),'usuario','7');
Insert into APP_OWNER.PERFILES (NOMBRE,CORREO,TELEFONO,CREADO_EN,ACTUALIZADO_EN,ROL,ID) values ('Ricardo Vega','ricardo.vega@demo.com','999111008',to_timestamp_tz('01/11/25 02:19:35,445230000 AM GMT','DD/MM/RR HH12:MI:SSXFF AM TZR'),to_timestamp_tz('01/11/25 02:19:35,445230000 AM GMT','DD/MM/RR HH12:MI:SSXFF AM TZR'),'usuario','8');
Insert into APP_OWNER.PERFILES (NOMBRE,CORREO,TELEFONO,CREADO_EN,ACTUALIZADO_EN,ROL,ID) values ('Valeria Cruz','valeria.cruz@demo.com','999111009',to_timestamp_tz('01/11/25 02:19:36,069235000 AM GMT','DD/MM/RR HH12:MI:SSXFF AM TZR'),to_timestamp_tz('01/11/25 02:19:36,069235000 AM GMT','DD/MM/RR HH12:MI:SSXFF AM TZR'),'usuario','9');
Insert into APP_OWNER.PERFILES (NOMBRE,CORREO,TELEFONO,CREADO_EN,ACTUALIZADO_EN,ROL,ID) values ('Andrés León','andres.leon@demo.com','999111010',to_timestamp_tz('01/11/25 02:19:36,157396000 AM GMT','DD/MM/RR HH12:MI:SSXFF AM TZR'),to_timestamp_tz('01/11/25 02:19:36,157396000 AM GMT','DD/MM/RR HH12:MI:SSXFF AM TZR'),'usuario','10');
REM INSERTING into APP_OWNER.PRODUCTO_ATRIBUTO
SET DEFINE OFF;
Insert into APP_OWNER.PRODUCTO_ATRIBUTO (PRODUCTO_ID,VARIANTE_ID,ATRIBUTO_ID,VALOR_TEXTO,VALOR_NUMERO,VALOR_BOOLEANO) values ('70','1','1','3L',null,null);
Insert into APP_OWNER.PRODUCTO_ATRIBUTO (PRODUCTO_ID,VARIANTE_ID,ATRIBUTO_ID,VALOR_TEXTO,VALOR_NUMERO,VALOR_BOOLEANO) values ('70','2','1','500ml',null,null);
Insert into APP_OWNER.PRODUCTO_ATRIBUTO (PRODUCTO_ID,VARIANTE_ID,ATRIBUTO_ID,VALOR_TEXTO,VALOR_NUMERO,VALOR_BOOLEANO) values ('36','3','2','Fresa',null,null);
Insert into APP_OWNER.PRODUCTO_ATRIBUTO (PRODUCTO_ID,VARIANTE_ID,ATRIBUTO_ID,VALOR_TEXTO,VALOR_NUMERO,VALOR_BOOLEANO) values ('36','3','1','500g',null,null);
Insert into APP_OWNER.PRODUCTO_ATRIBUTO (PRODUCTO_ID,VARIANTE_ID,ATRIBUTO_ID,VALOR_TEXTO,VALOR_NUMERO,VALOR_BOOLEANO) values ('36','4','2','Vainilla',null,null);
Insert into APP_OWNER.PRODUCTO_ATRIBUTO (PRODUCTO_ID,VARIANTE_ID,ATRIBUTO_ID,VALOR_TEXTO,VALOR_NUMERO,VALOR_BOOLEANO) values ('36','4','1','500g',null,null);
Insert into APP_OWNER.PRODUCTO_ATRIBUTO (PRODUCTO_ID,VARIANTE_ID,ATRIBUTO_ID,VALOR_TEXTO,VALOR_NUMERO,VALOR_BOOLEANO) values ('33','5','1','1L',null,null);
Insert into APP_OWNER.PRODUCTO_ATRIBUTO (PRODUCTO_ID,VARIANTE_ID,ATRIBUTO_ID,VALOR_TEXTO,VALOR_NUMERO,VALOR_BOOLEANO) values ('33','6','1','1L',null,null);
Insert into APP_OWNER.PRODUCTO_ATRIBUTO (PRODUCTO_ID,VARIANTE_ID,ATRIBUTO_ID,VALOR_TEXTO,VALOR_NUMERO,VALOR_BOOLEANO) values ('71','76','3',null,null,'S');
Insert into APP_OWNER.PRODUCTO_ATRIBUTO (PRODUCTO_ID,VARIANTE_ID,ATRIBUTO_ID,VALOR_TEXTO,VALOR_NUMERO,VALOR_BOOLEANO) values ('30','42','4','1L',null,null);
Insert into APP_OWNER.PRODUCTO_ATRIBUTO (PRODUCTO_ID,VARIANTE_ID,ATRIBUTO_ID,VALOR_TEXTO,VALOR_NUMERO,VALOR_BOOLEANO) values ('31','43','4','Kilogramo',null,null);
Insert into APP_OWNER.PRODUCTO_ATRIBUTO (PRODUCTO_ID,VARIANTE_ID,ATRIBUTO_ID,VALOR_TEXTO,VALOR_NUMERO,VALOR_BOOLEANO) values ('32','44','4','Kilogramo',null,null);
Insert into APP_OWNER.PRODUCTO_ATRIBUTO (PRODUCTO_ID,VARIANTE_ID,ATRIBUTO_ID,VALOR_TEXTO,VALOR_NUMERO,VALOR_BOOLEANO) values ('35','45','4','Kilogramo',null,null);
Insert into APP_OWNER.PRODUCTO_ATRIBUTO (PRODUCTO_ID,VARIANTE_ID,ATRIBUTO_ID,VALOR_TEXTO,VALOR_NUMERO,VALOR_BOOLEANO) values ('39','48','4','200g',null,null);
Insert into APP_OWNER.PRODUCTO_ATRIBUTO (PRODUCTO_ID,VARIANTE_ID,ATRIBUTO_ID,VALOR_TEXTO,VALOR_NUMERO,VALOR_BOOLEANO) values ('66','73','4','200g',null,null);
Insert into APP_OWNER.PRODUCTO_ATRIBUTO (PRODUCTO_ID,VARIANTE_ID,ATRIBUTO_ID,VALOR_TEXTO,VALOR_NUMERO,VALOR_BOOLEANO) values ('68','74','4','Kilogramo',null,null);
Insert into APP_OWNER.PRODUCTO_ATRIBUTO (PRODUCTO_ID,VARIANTE_ID,ATRIBUTO_ID,VALOR_TEXTO,VALOR_NUMERO,VALOR_BOOLEANO) values ('69','75','4','Kilogramo',null,null);
Insert into APP_OWNER.PRODUCTO_ATRIBUTO (PRODUCTO_ID,VARIANTE_ID,ATRIBUTO_ID,VALOR_TEXTO,VALOR_NUMERO,VALOR_BOOLEANO) values ('71','76','4','1L',null,null);
Insert into APP_OWNER.PRODUCTO_ATRIBUTO (PRODUCTO_ID,VARIANTE_ID,ATRIBUTO_ID,VALOR_TEXTO,VALOR_NUMERO,VALOR_BOOLEANO) values ('72','77','4','Barra',null,null);
Insert into APP_OWNER.PRODUCTO_ATRIBUTO (PRODUCTO_ID,VARIANTE_ID,ATRIBUTO_ID,VALOR_TEXTO,VALOR_NUMERO,VALOR_BOOLEANO) values ('73','78','4','Kilogramo',null,null);
Insert into APP_OWNER.PRODUCTO_ATRIBUTO (PRODUCTO_ID,VARIANTE_ID,ATRIBUTO_ID,VALOR_TEXTO,VALOR_NUMERO,VALOR_BOOLEANO) values ('74','79','4','100g',null,null);
Insert into APP_OWNER.PRODUCTO_ATRIBUTO (PRODUCTO_ID,VARIANTE_ID,ATRIBUTO_ID,VALOR_TEXTO,VALOR_NUMERO,VALOR_BOOLEANO) values ('76','81','4','500g',null,null);
Insert into APP_OWNER.PRODUCTO_ATRIBUTO (PRODUCTO_ID,VARIANTE_ID,ATRIBUTO_ID,VALOR_TEXTO,VALOR_NUMERO,VALOR_BOOLEANO) values ('77','82','4','Unidad',null,null);
Insert into APP_OWNER.PRODUCTO_ATRIBUTO (PRODUCTO_ID,VARIANTE_ID,ATRIBUTO_ID,VALOR_TEXTO,VALOR_NUMERO,VALOR_BOOLEANO) values ('79','83','4','500g',null,null);
Insert into APP_OWNER.PRODUCTO_ATRIBUTO (PRODUCTO_ID,VARIANTE_ID,ATRIBUTO_ID,VALOR_TEXTO,VALOR_NUMERO,VALOR_BOOLEANO) values ('80','84','4','1.5L',null,null);
Insert into APP_OWNER.PRODUCTO_ATRIBUTO (PRODUCTO_ID,VARIANTE_ID,ATRIBUTO_ID,VALOR_TEXTO,VALOR_NUMERO,VALOR_BOOLEANO) values ('81','85','4','950gr',null,null);
Insert into APP_OWNER.PRODUCTO_ATRIBUTO (PRODUCTO_ID,VARIANTE_ID,ATRIBUTO_ID,VALOR_TEXTO,VALOR_NUMERO,VALOR_BOOLEANO) values ('82','86','4','200g',null,null);
Insert into APP_OWNER.PRODUCTO_ATRIBUTO (PRODUCTO_ID,VARIANTE_ID,ATRIBUTO_ID,VALOR_TEXTO,VALOR_NUMERO,VALOR_BOOLEANO) values ('83','87','4','Kilogramo',null,null);
REM INSERTING into APP_OWNER.REDENCIONES_CUPONES
SET DEFINE OFF;
Insert into APP_OWNER.REDENCIONES_CUPONES (REDIMIDO_EN,USUARIO_ID,PEDIDO_ID,CUPON_ID) values (to_timestamp_tz('01/11/25 02:36:32,741372000 AM GMT','DD/MM/RR HH12:MI:SSXFF AM TZR'),'2','12','2');
Insert into APP_OWNER.REDENCIONES_CUPONES (REDIMIDO_EN,USUARIO_ID,PEDIDO_ID,CUPON_ID) values (to_timestamp_tz('01/11/25 02:36:32,831935000 AM GMT','DD/MM/RR HH12:MI:SSXFF AM TZR'),'3','13','3');
Insert into APP_OWNER.REDENCIONES_CUPONES (REDIMIDO_EN,USUARIO_ID,PEDIDO_ID,CUPON_ID) values (to_timestamp_tz('01/11/25 02:36:32,972220000 AM GMT','DD/MM/RR HH12:MI:SSXFF AM TZR'),'4','14','4');
Insert into APP_OWNER.REDENCIONES_CUPONES (REDIMIDO_EN,USUARIO_ID,PEDIDO_ID,CUPON_ID) values (to_timestamp_tz('01/11/25 02:36:33,620171000 AM GMT','DD/MM/RR HH12:MI:SSXFF AM TZR'),'7','17','7');
Insert into APP_OWNER.REDENCIONES_CUPONES (REDIMIDO_EN,USUARIO_ID,PEDIDO_ID,CUPON_ID) values (to_timestamp_tz('01/11/25 02:36:34,056290000 AM GMT','DD/MM/RR HH12:MI:SSXFF AM TZR'),'9','19','9');
REM INSERTING into APP_OWNER.VARIANTES_PRODUCTO
SET DEFINE OFF;
Insert into APP_OWNER.VARIANTES_PRODUCTO (ID,PRODUCTO_ID,SKU,NOMBRE_ES,NOMBRE_EN,PRECIO_SOBRESCRITO,STOCK_SOBRESCRITO,ACTIVO,CREADO_EN,ACTUALIZADO_EN) values ('1','70','COKE-3L','3L','3L',null,null,'S',to_timestamp_tz('03/11/25 05:01:32,425328000 AM GMT','DD/MM/RR HH12:MI:SSXFF AM TZR'),to_timestamp_tz('03/11/25 05:01:32,425328000 AM GMT','DD/MM/RR HH12:MI:SSXFF AM TZR'));
Insert into APP_OWNER.VARIANTES_PRODUCTO (ID,PRODUCTO_ID,SKU,NOMBRE_ES,NOMBRE_EN,PRECIO_SOBRESCRITO,STOCK_SOBRESCRITO,ACTIVO,CREADO_EN,ACTUALIZADO_EN) values ('2','70','COKE-500ML','500ml','500ml','4,5',null,'S',to_timestamp_tz('03/11/25 05:01:32,591071000 AM GMT','DD/MM/RR HH12:MI:SSXFF AM TZR'),to_timestamp_tz('03/11/25 05:01:32,591071000 AM GMT','DD/MM/RR HH12:MI:SSXFF AM TZR'));
Insert into APP_OWNER.VARIANTES_PRODUCTO (ID,PRODUCTO_ID,SKU,NOMBRE_ES,NOMBRE_EN,PRECIO_SOBRESCRITO,STOCK_SOBRESCRITO,ACTIVO,CREADO_EN,ACTUALIZADO_EN) values ('3','36','YOG-GRE-FRE-500','Fresa 500g','Strawberry 500g',null,null,'S',to_timestamp_tz('03/11/25 05:01:32,752427000 AM GMT','DD/MM/RR HH12:MI:SSXFF AM TZR'),to_timestamp_tz('03/11/25 05:01:32,752427000 AM GMT','DD/MM/RR HH12:MI:SSXFF AM TZR'));
Insert into APP_OWNER.VARIANTES_PRODUCTO (ID,PRODUCTO_ID,SKU,NOMBRE_ES,NOMBRE_EN,PRECIO_SOBRESCRITO,STOCK_SOBRESCRITO,ACTIVO,CREADO_EN,ACTUALIZADO_EN) values ('4','36','YOG-GRE-VAI-500','Vainilla 500g','Vanilla 500g','10',null,'S',to_timestamp_tz('03/11/25 05:01:32,913607000 AM GMT','DD/MM/RR HH12:MI:SSXFF AM TZR'),to_timestamp_tz('03/11/25 05:01:32,913607000 AM GMT','DD/MM/RR HH12:MI:SSXFF AM TZR'));
Insert into APP_OWNER.VARIANTES_PRODUCTO (ID,PRODUCTO_ID,SKU,NOMBRE_ES,NOMBRE_EN,PRECIO_SOBRESCRITO,STOCK_SOBRESCRITO,ACTIVO,CREADO_EN,ACTUALIZADO_EN) values ('5','33','GLO-ENT-1L','1L Entera','1L Whole',null,null,'S',to_timestamp_tz('03/11/25 05:01:33,074568000 AM GMT','DD/MM/RR HH12:MI:SSXFF AM TZR'),to_timestamp_tz('03/11/25 05:01:33,074568000 AM GMT','DD/MM/RR HH12:MI:SSXFF AM TZR'));
Insert into APP_OWNER.VARIANTES_PRODUCTO (ID,PRODUCTO_ID,SKU,NOMBRE_ES,NOMBRE_EN,PRECIO_SOBRESCRITO,STOCK_SOBRESCRITO,ACTIVO,CREADO_EN,ACTUALIZADO_EN) values ('6','33','GLO-SL-1L','1L Sin Lactosa','1L Lactose-Free','7',null,'S',to_timestamp_tz('03/11/25 05:01:33,238614000 AM GMT','DD/MM/RR HH12:MI:SSXFF AM TZR'),to_timestamp_tz('03/11/25 05:01:33,238614000 AM GMT','DD/MM/RR HH12:MI:SSXFF AM TZR'));
Insert into APP_OWNER.VARIANTES_PRODUCTO (ID,PRODUCTO_ID,SKU,NOMBRE_ES,NOMBRE_EN,PRECIO_SOBRESCRITO,STOCK_SOBRESCRITO,ACTIVO,CREADO_EN,ACTUALIZADO_EN) values ('7','1','SKU-1',null,null,null,null,'S',to_timestamp_tz('03/11/25 05:02:46,521190000 AM GMT','DD/MM/RR HH12:MI:SSXFF AM TZR'),to_timestamp_tz('03/11/25 05:02:46,521190000 AM GMT','DD/MM/RR HH12:MI:SSXFF AM TZR'));
Insert into APP_OWNER.VARIANTES_PRODUCTO (ID,PRODUCTO_ID,SKU,NOMBRE_ES,NOMBRE_EN,PRECIO_SOBRESCRITO,STOCK_SOBRESCRITO,ACTIVO,CREADO_EN,ACTUALIZADO_EN) values ('8','12','SKU-12',null,null,null,null,'S',to_timestamp_tz('03/11/25 05:02:46,521190000 AM GMT','DD/MM/RR HH12:MI:SSXFF AM TZR'),to_timestamp_tz('03/11/25 05:02:46,521190000 AM GMT','DD/MM/RR HH12:MI:SSXFF AM TZR'));
Insert into APP_OWNER.VARIANTES_PRODUCTO (ID,PRODUCTO_ID,SKU,NOMBRE_ES,NOMBRE_EN,PRECIO_SOBRESCRITO,STOCK_SOBRESCRITO,ACTIVO,CREADO_EN,ACTUALIZADO_EN) values ('9','23','SKU-23',null,null,null,null,'S',to_timestamp_tz('03/11/25 05:02:46,521190000 AM GMT','DD/MM/RR HH12:MI:SSXFF AM TZR'),to_timestamp_tz('03/11/25 05:02:46,521190000 AM GMT','DD/MM/RR HH12:MI:SSXFF AM TZR'));
Insert into APP_OWNER.VARIANTES_PRODUCTO (ID,PRODUCTO_ID,SKU,NOMBRE_ES,NOMBRE_EN,PRECIO_SOBRESCRITO,STOCK_SOBRESCRITO,ACTIVO,CREADO_EN,ACTUALIZADO_EN) values ('10','34','SKU-34',null,null,null,null,'S',to_timestamp_tz('03/11/25 05:02:46,521190000 AM GMT','DD/MM/RR HH12:MI:SSXFF AM TZR'),to_timestamp_tz('03/11/25 05:02:46,521190000 AM GMT','DD/MM/RR HH12:MI:SSXFF AM TZR'));
Insert into APP_OWNER.VARIANTES_PRODUCTO (ID,PRODUCTO_ID,SKU,NOMBRE_ES,NOMBRE_EN,PRECIO_SOBRESCRITO,STOCK_SOBRESCRITO,ACTIVO,CREADO_EN,ACTUALIZADO_EN) values ('11','45','SKU-45',null,null,null,null,'S',to_timestamp_tz('03/11/25 05:02:46,521190000 AM GMT','DD/MM/RR HH12:MI:SSXFF AM TZR'),to_timestamp_tz('03/11/25 05:02:46,521190000 AM GMT','DD/MM/RR HH12:MI:SSXFF AM TZR'));
Insert into APP_OWNER.VARIANTES_PRODUCTO (ID,PRODUCTO_ID,SKU,NOMBRE_ES,NOMBRE_EN,PRECIO_SOBRESCRITO,STOCK_SOBRESCRITO,ACTIVO,CREADO_EN,ACTUALIZADO_EN) values ('12','56','SKU-56',null,null,null,null,'S',to_timestamp_tz('03/11/25 05:02:46,521190000 AM GMT','DD/MM/RR HH12:MI:SSXFF AM TZR'),to_timestamp_tz('03/11/25 05:02:46,521190000 AM GMT','DD/MM/RR HH12:MI:SSXFF AM TZR'));
Insert into APP_OWNER.VARIANTES_PRODUCTO (ID,PRODUCTO_ID,SKU,NOMBRE_ES,NOMBRE_EN,PRECIO_SOBRESCRITO,STOCK_SOBRESCRITO,ACTIVO,CREADO_EN,ACTUALIZADO_EN) values ('13','67','SKU-67',null,null,null,null,'S',to_timestamp_tz('03/11/25 05:02:46,521190000 AM GMT','DD/MM/RR HH12:MI:SSXFF AM TZR'),to_timestamp_tz('03/11/25 05:02:46,521190000 AM GMT','DD/MM/RR HH12:MI:SSXFF AM TZR'));
Insert into APP_OWNER.VARIANTES_PRODUCTO (ID,PRODUCTO_ID,SKU,NOMBRE_ES,NOMBRE_EN,PRECIO_SOBRESCRITO,STOCK_SOBRESCRITO,ACTIVO,CREADO_EN,ACTUALIZADO_EN) values ('14','78','SKU-78',null,null,null,null,'S',to_timestamp_tz('03/11/25 05:02:46,521190000 AM GMT','DD/MM/RR HH12:MI:SSXFF AM TZR'),to_timestamp_tz('03/11/25 05:02:46,521190000 AM GMT','DD/MM/RR HH12:MI:SSXFF AM TZR'));
Insert into APP_OWNER.VARIANTES_PRODUCTO (ID,PRODUCTO_ID,SKU,NOMBRE_ES,NOMBRE_EN,PRECIO_SOBRESCRITO,STOCK_SOBRESCRITO,ACTIVO,CREADO_EN,ACTUALIZADO_EN) values ('15','89','SKU-89',null,null,null,null,'S',to_timestamp_tz('03/11/25 05:02:46,521190000 AM GMT','DD/MM/RR HH12:MI:SSXFF AM TZR'),to_timestamp_tz('03/11/25 05:02:46,521190000 AM GMT','DD/MM/RR HH12:MI:SSXFF AM TZR'));
Insert into APP_OWNER.VARIANTES_PRODUCTO (ID,PRODUCTO_ID,SKU,NOMBRE_ES,NOMBRE_EN,PRECIO_SOBRESCRITO,STOCK_SOBRESCRITO,ACTIVO,CREADO_EN,ACTUALIZADO_EN) values ('16','2','SKU-2',null,null,null,null,'S',to_timestamp_tz('03/11/25 05:02:46,521190000 AM GMT','DD/MM/RR HH12:MI:SSXFF AM TZR'),to_timestamp_tz('03/11/25 05:02:46,521190000 AM GMT','DD/MM/RR HH12:MI:SSXFF AM TZR'));
Insert into APP_OWNER.VARIANTES_PRODUCTO (ID,PRODUCTO_ID,SKU,NOMBRE_ES,NOMBRE_EN,PRECIO_SOBRESCRITO,STOCK_SOBRESCRITO,ACTIVO,CREADO_EN,ACTUALIZADO_EN) values ('17','3','SKU-3',null,null,null,null,'S',to_timestamp_tz('03/11/25 05:02:46,521190000 AM GMT','DD/MM/RR HH12:MI:SSXFF AM TZR'),to_timestamp_tz('03/11/25 05:02:46,521190000 AM GMT','DD/MM/RR HH12:MI:SSXFF AM TZR'));
Insert into APP_OWNER.VARIANTES_PRODUCTO (ID,PRODUCTO_ID,SKU,NOMBRE_ES,NOMBRE_EN,PRECIO_SOBRESCRITO,STOCK_SOBRESCRITO,ACTIVO,CREADO_EN,ACTUALIZADO_EN) values ('18','4','SKU-4',null,null,null,null,'S',to_timestamp_tz('03/11/25 05:02:46,521190000 AM GMT','DD/MM/RR HH12:MI:SSXFF AM TZR'),to_timestamp_tz('03/11/25 05:02:46,521190000 AM GMT','DD/MM/RR HH12:MI:SSXFF AM TZR'));
Insert into APP_OWNER.VARIANTES_PRODUCTO (ID,PRODUCTO_ID,SKU,NOMBRE_ES,NOMBRE_EN,PRECIO_SOBRESCRITO,STOCK_SOBRESCRITO,ACTIVO,CREADO_EN,ACTUALIZADO_EN) values ('19','5','SKU-5',null,null,null,null,'S',to_timestamp_tz('03/11/25 05:02:46,521190000 AM GMT','DD/MM/RR HH12:MI:SSXFF AM TZR'),to_timestamp_tz('03/11/25 05:02:46,521190000 AM GMT','DD/MM/RR HH12:MI:SSXFF AM TZR'));
Insert into APP_OWNER.VARIANTES_PRODUCTO (ID,PRODUCTO_ID,SKU,NOMBRE_ES,NOMBRE_EN,PRECIO_SOBRESCRITO,STOCK_SOBRESCRITO,ACTIVO,CREADO_EN,ACTUALIZADO_EN) values ('20','6','SKU-6',null,null,null,null,'S',to_timestamp_tz('03/11/25 05:02:46,521190000 AM GMT','DD/MM/RR HH12:MI:SSXFF AM TZR'),to_timestamp_tz('03/11/25 05:02:46,521190000 AM GMT','DD/MM/RR HH12:MI:SSXFF AM TZR'));
Insert into APP_OWNER.VARIANTES_PRODUCTO (ID,PRODUCTO_ID,SKU,NOMBRE_ES,NOMBRE_EN,PRECIO_SOBRESCRITO,STOCK_SOBRESCRITO,ACTIVO,CREADO_EN,ACTUALIZADO_EN) values ('21','7','SKU-7',null,null,null,null,'S',to_timestamp_tz('03/11/25 05:02:46,521190000 AM GMT','DD/MM/RR HH12:MI:SSXFF AM TZR'),to_timestamp_tz('03/11/25 05:02:46,521190000 AM GMT','DD/MM/RR HH12:MI:SSXFF AM TZR'));
Insert into APP_OWNER.VARIANTES_PRODUCTO (ID,PRODUCTO_ID,SKU,NOMBRE_ES,NOMBRE_EN,PRECIO_SOBRESCRITO,STOCK_SOBRESCRITO,ACTIVO,CREADO_EN,ACTUALIZADO_EN) values ('22','8','SKU-8',null,null,null,null,'S',to_timestamp_tz('03/11/25 05:02:46,521190000 AM GMT','DD/MM/RR HH12:MI:SSXFF AM TZR'),to_timestamp_tz('03/11/25 05:02:46,521190000 AM GMT','DD/MM/RR HH12:MI:SSXFF AM TZR'));
Insert into APP_OWNER.VARIANTES_PRODUCTO (ID,PRODUCTO_ID,SKU,NOMBRE_ES,NOMBRE_EN,PRECIO_SOBRESCRITO,STOCK_SOBRESCRITO,ACTIVO,CREADO_EN,ACTUALIZADO_EN) values ('23','9','SKU-9',null,null,null,null,'S',to_timestamp_tz('03/11/25 05:02:46,521190000 AM GMT','DD/MM/RR HH12:MI:SSXFF AM TZR'),to_timestamp_tz('03/11/25 05:02:46,521190000 AM GMT','DD/MM/RR HH12:MI:SSXFF AM TZR'));
Insert into APP_OWNER.VARIANTES_PRODUCTO (ID,PRODUCTO_ID,SKU,NOMBRE_ES,NOMBRE_EN,PRECIO_SOBRESCRITO,STOCK_SOBRESCRITO,ACTIVO,CREADO_EN,ACTUALIZADO_EN) values ('24','10','SKU-10',null,null,null,null,'S',to_timestamp_tz('03/11/25 05:02:46,521190000 AM GMT','DD/MM/RR HH12:MI:SSXFF AM TZR'),to_timestamp_tz('03/11/25 05:02:46,521190000 AM GMT','DD/MM/RR HH12:MI:SSXFF AM TZR'));
Insert into APP_OWNER.VARIANTES_PRODUCTO (ID,PRODUCTO_ID,SKU,NOMBRE_ES,NOMBRE_EN,PRECIO_SOBRESCRITO,STOCK_SOBRESCRITO,ACTIVO,CREADO_EN,ACTUALIZADO_EN) values ('25','11','SKU-11',null,null,null,null,'S',to_timestamp_tz('03/11/25 05:02:46,521190000 AM GMT','DD/MM/RR HH12:MI:SSXFF AM TZR'),to_timestamp_tz('03/11/25 05:02:46,521190000 AM GMT','DD/MM/RR HH12:MI:SSXFF AM TZR'));
Insert into APP_OWNER.VARIANTES_PRODUCTO (ID,PRODUCTO_ID,SKU,NOMBRE_ES,NOMBRE_EN,PRECIO_SOBRESCRITO,STOCK_SOBRESCRITO,ACTIVO,CREADO_EN,ACTUALIZADO_EN) values ('26','13','SKU-13',null,null,null,null,'S',to_timestamp_tz('03/11/25 05:02:46,521190000 AM GMT','DD/MM/RR HH12:MI:SSXFF AM TZR'),to_timestamp_tz('03/11/25 05:02:46,521190000 AM GMT','DD/MM/RR HH12:MI:SSXFF AM TZR'));
Insert into APP_OWNER.VARIANTES_PRODUCTO (ID,PRODUCTO_ID,SKU,NOMBRE_ES,NOMBRE_EN,PRECIO_SOBRESCRITO,STOCK_SOBRESCRITO,ACTIVO,CREADO_EN,ACTUALIZADO_EN) values ('27','14','SKU-14',null,null,null,null,'S',to_timestamp_tz('03/11/25 05:02:46,521190000 AM GMT','DD/MM/RR HH12:MI:SSXFF AM TZR'),to_timestamp_tz('03/11/25 05:02:46,521190000 AM GMT','DD/MM/RR HH12:MI:SSXFF AM TZR'));
Insert into APP_OWNER.VARIANTES_PRODUCTO (ID,PRODUCTO_ID,SKU,NOMBRE_ES,NOMBRE_EN,PRECIO_SOBRESCRITO,STOCK_SOBRESCRITO,ACTIVO,CREADO_EN,ACTUALIZADO_EN) values ('28','15','SKU-15',null,null,null,null,'S',to_timestamp_tz('03/11/25 05:02:46,521190000 AM GMT','DD/MM/RR HH12:MI:SSXFF AM TZR'),to_timestamp_tz('03/11/25 05:02:46,521190000 AM GMT','DD/MM/RR HH12:MI:SSXFF AM TZR'));
Insert into APP_OWNER.VARIANTES_PRODUCTO (ID,PRODUCTO_ID,SKU,NOMBRE_ES,NOMBRE_EN,PRECIO_SOBRESCRITO,STOCK_SOBRESCRITO,ACTIVO,CREADO_EN,ACTUALIZADO_EN) values ('29','16','SKU-16',null,null,null,null,'S',to_timestamp_tz('03/11/25 05:02:46,521190000 AM GMT','DD/MM/RR HH12:MI:SSXFF AM TZR'),to_timestamp_tz('03/11/25 05:02:46,521190000 AM GMT','DD/MM/RR HH12:MI:SSXFF AM TZR'));
Insert into APP_OWNER.VARIANTES_PRODUCTO (ID,PRODUCTO_ID,SKU,NOMBRE_ES,NOMBRE_EN,PRECIO_SOBRESCRITO,STOCK_SOBRESCRITO,ACTIVO,CREADO_EN,ACTUALIZADO_EN) values ('30','17','SKU-17',null,null,null,null,'S',to_timestamp_tz('03/11/25 05:02:46,521190000 AM GMT','DD/MM/RR HH12:MI:SSXFF AM TZR'),to_timestamp_tz('03/11/25 05:02:46,521190000 AM GMT','DD/MM/RR HH12:MI:SSXFF AM TZR'));
Insert into APP_OWNER.VARIANTES_PRODUCTO (ID,PRODUCTO_ID,SKU,NOMBRE_ES,NOMBRE_EN,PRECIO_SOBRESCRITO,STOCK_SOBRESCRITO,ACTIVO,CREADO_EN,ACTUALIZADO_EN) values ('31','18','SKU-18',null,null,null,null,'S',to_timestamp_tz('03/11/25 05:02:46,521190000 AM GMT','DD/MM/RR HH12:MI:SSXFF AM TZR'),to_timestamp_tz('03/11/25 05:02:46,521190000 AM GMT','DD/MM/RR HH12:MI:SSXFF AM TZR'));
Insert into APP_OWNER.VARIANTES_PRODUCTO (ID,PRODUCTO_ID,SKU,NOMBRE_ES,NOMBRE_EN,PRECIO_SOBRESCRITO,STOCK_SOBRESCRITO,ACTIVO,CREADO_EN,ACTUALIZADO_EN) values ('32','19','SKU-19',null,null,null,null,'S',to_timestamp_tz('03/11/25 05:02:46,521190000 AM GMT','DD/MM/RR HH12:MI:SSXFF AM TZR'),to_timestamp_tz('03/11/25 05:02:46,521190000 AM GMT','DD/MM/RR HH12:MI:SSXFF AM TZR'));
Insert into APP_OWNER.VARIANTES_PRODUCTO (ID,PRODUCTO_ID,SKU,NOMBRE_ES,NOMBRE_EN,PRECIO_SOBRESCRITO,STOCK_SOBRESCRITO,ACTIVO,CREADO_EN,ACTUALIZADO_EN) values ('33','20','SKU-20',null,null,null,null,'S',to_timestamp_tz('03/11/25 05:02:46,521190000 AM GMT','DD/MM/RR HH12:MI:SSXFF AM TZR'),to_timestamp_tz('03/11/25 05:02:46,521190000 AM GMT','DD/MM/RR HH12:MI:SSXFF AM TZR'));
Insert into APP_OWNER.VARIANTES_PRODUCTO (ID,PRODUCTO_ID,SKU,NOMBRE_ES,NOMBRE_EN,PRECIO_SOBRESCRITO,STOCK_SOBRESCRITO,ACTIVO,CREADO_EN,ACTUALIZADO_EN) values ('34','21','SKU-21',null,null,null,null,'S',to_timestamp_tz('03/11/25 05:02:46,521190000 AM GMT','DD/MM/RR HH12:MI:SSXFF AM TZR'),to_timestamp_tz('03/11/25 05:02:46,521190000 AM GMT','DD/MM/RR HH12:MI:SSXFF AM TZR'));
Insert into APP_OWNER.VARIANTES_PRODUCTO (ID,PRODUCTO_ID,SKU,NOMBRE_ES,NOMBRE_EN,PRECIO_SOBRESCRITO,STOCK_SOBRESCRITO,ACTIVO,CREADO_EN,ACTUALIZADO_EN) values ('35','22','SKU-22',null,null,null,null,'S',to_timestamp_tz('03/11/25 05:02:46,521190000 AM GMT','DD/MM/RR HH12:MI:SSXFF AM TZR'),to_timestamp_tz('03/11/25 05:02:46,521190000 AM GMT','DD/MM/RR HH12:MI:SSXFF AM TZR'));
Insert into APP_OWNER.VARIANTES_PRODUCTO (ID,PRODUCTO_ID,SKU,NOMBRE_ES,NOMBRE_EN,PRECIO_SOBRESCRITO,STOCK_SOBRESCRITO,ACTIVO,CREADO_EN,ACTUALIZADO_EN) values ('36','24','SKU-24',null,null,null,null,'S',to_timestamp_tz('03/11/25 05:02:46,521190000 AM GMT','DD/MM/RR HH12:MI:SSXFF AM TZR'),to_timestamp_tz('03/11/25 05:02:46,521190000 AM GMT','DD/MM/RR HH12:MI:SSXFF AM TZR'));
Insert into APP_OWNER.VARIANTES_PRODUCTO (ID,PRODUCTO_ID,SKU,NOMBRE_ES,NOMBRE_EN,PRECIO_SOBRESCRITO,STOCK_SOBRESCRITO,ACTIVO,CREADO_EN,ACTUALIZADO_EN) values ('37','25','SKU-25',null,null,null,null,'S',to_timestamp_tz('03/11/25 05:02:46,521190000 AM GMT','DD/MM/RR HH12:MI:SSXFF AM TZR'),to_timestamp_tz('03/11/25 05:02:46,521190000 AM GMT','DD/MM/RR HH12:MI:SSXFF AM TZR'));
Insert into APP_OWNER.VARIANTES_PRODUCTO (ID,PRODUCTO_ID,SKU,NOMBRE_ES,NOMBRE_EN,PRECIO_SOBRESCRITO,STOCK_SOBRESCRITO,ACTIVO,CREADO_EN,ACTUALIZADO_EN) values ('38','26','SKU-26',null,null,null,null,'S',to_timestamp_tz('03/11/25 05:02:46,521190000 AM GMT','DD/MM/RR HH12:MI:SSXFF AM TZR'),to_timestamp_tz('03/11/25 05:02:46,521190000 AM GMT','DD/MM/RR HH12:MI:SSXFF AM TZR'));
Insert into APP_OWNER.VARIANTES_PRODUCTO (ID,PRODUCTO_ID,SKU,NOMBRE_ES,NOMBRE_EN,PRECIO_SOBRESCRITO,STOCK_SOBRESCRITO,ACTIVO,CREADO_EN,ACTUALIZADO_EN) values ('39','27','SKU-27',null,null,null,null,'S',to_timestamp_tz('03/11/25 05:02:46,521190000 AM GMT','DD/MM/RR HH12:MI:SSXFF AM TZR'),to_timestamp_tz('03/11/25 05:02:46,521190000 AM GMT','DD/MM/RR HH12:MI:SSXFF AM TZR'));
Insert into APP_OWNER.VARIANTES_PRODUCTO (ID,PRODUCTO_ID,SKU,NOMBRE_ES,NOMBRE_EN,PRECIO_SOBRESCRITO,STOCK_SOBRESCRITO,ACTIVO,CREADO_EN,ACTUALIZADO_EN) values ('40','28','SKU-28',null,null,null,null,'S',to_timestamp_tz('03/11/25 05:02:46,521190000 AM GMT','DD/MM/RR HH12:MI:SSXFF AM TZR'),to_timestamp_tz('03/11/25 05:02:46,521190000 AM GMT','DD/MM/RR HH12:MI:SSXFF AM TZR'));
Insert into APP_OWNER.VARIANTES_PRODUCTO (ID,PRODUCTO_ID,SKU,NOMBRE_ES,NOMBRE_EN,PRECIO_SOBRESCRITO,STOCK_SOBRESCRITO,ACTIVO,CREADO_EN,ACTUALIZADO_EN) values ('41','29','SKU-29',null,null,null,null,'S',to_timestamp_tz('03/11/25 05:02:46,521190000 AM GMT','DD/MM/RR HH12:MI:SSXFF AM TZR'),to_timestamp_tz('03/11/25 05:02:46,521190000 AM GMT','DD/MM/RR HH12:MI:SSXFF AM TZR'));
Insert into APP_OWNER.VARIANTES_PRODUCTO (ID,PRODUCTO_ID,SKU,NOMBRE_ES,NOMBRE_EN,PRECIO_SOBRESCRITO,STOCK_SOBRESCRITO,ACTIVO,CREADO_EN,ACTUALIZADO_EN) values ('42','30','SKU-30',null,null,null,null,'S',to_timestamp_tz('03/11/25 05:02:46,521190000 AM GMT','DD/MM/RR HH12:MI:SSXFF AM TZR'),to_timestamp_tz('03/11/25 05:02:46,521190000 AM GMT','DD/MM/RR HH12:MI:SSXFF AM TZR'));
Insert into APP_OWNER.VARIANTES_PRODUCTO (ID,PRODUCTO_ID,SKU,NOMBRE_ES,NOMBRE_EN,PRECIO_SOBRESCRITO,STOCK_SOBRESCRITO,ACTIVO,CREADO_EN,ACTUALIZADO_EN) values ('43','31','SKU-31',null,null,null,null,'S',to_timestamp_tz('03/11/25 05:02:46,521190000 AM GMT','DD/MM/RR HH12:MI:SSXFF AM TZR'),to_timestamp_tz('03/11/25 05:02:46,521190000 AM GMT','DD/MM/RR HH12:MI:SSXFF AM TZR'));
Insert into APP_OWNER.VARIANTES_PRODUCTO (ID,PRODUCTO_ID,SKU,NOMBRE_ES,NOMBRE_EN,PRECIO_SOBRESCRITO,STOCK_SOBRESCRITO,ACTIVO,CREADO_EN,ACTUALIZADO_EN) values ('44','32','SKU-32',null,null,null,null,'S',to_timestamp_tz('03/11/25 05:02:46,521190000 AM GMT','DD/MM/RR HH12:MI:SSXFF AM TZR'),to_timestamp_tz('03/11/25 05:02:46,521190000 AM GMT','DD/MM/RR HH12:MI:SSXFF AM TZR'));
Insert into APP_OWNER.VARIANTES_PRODUCTO (ID,PRODUCTO_ID,SKU,NOMBRE_ES,NOMBRE_EN,PRECIO_SOBRESCRITO,STOCK_SOBRESCRITO,ACTIVO,CREADO_EN,ACTUALIZADO_EN) values ('45','35','SKU-35',null,null,null,null,'S',to_timestamp_tz('03/11/25 05:02:46,521190000 AM GMT','DD/MM/RR HH12:MI:SSXFF AM TZR'),to_timestamp_tz('03/11/25 05:02:46,521190000 AM GMT','DD/MM/RR HH12:MI:SSXFF AM TZR'));
Insert into APP_OWNER.VARIANTES_PRODUCTO (ID,PRODUCTO_ID,SKU,NOMBRE_ES,NOMBRE_EN,PRECIO_SOBRESCRITO,STOCK_SOBRESCRITO,ACTIVO,CREADO_EN,ACTUALIZADO_EN) values ('46','37','SKU-37',null,null,null,null,'S',to_timestamp_tz('03/11/25 05:02:46,521190000 AM GMT','DD/MM/RR HH12:MI:SSXFF AM TZR'),to_timestamp_tz('03/11/25 05:02:46,521190000 AM GMT','DD/MM/RR HH12:MI:SSXFF AM TZR'));
Insert into APP_OWNER.VARIANTES_PRODUCTO (ID,PRODUCTO_ID,SKU,NOMBRE_ES,NOMBRE_EN,PRECIO_SOBRESCRITO,STOCK_SOBRESCRITO,ACTIVO,CREADO_EN,ACTUALIZADO_EN) values ('47','38','SKU-38',null,null,null,null,'S',to_timestamp_tz('03/11/25 05:02:46,521190000 AM GMT','DD/MM/RR HH12:MI:SSXFF AM TZR'),to_timestamp_tz('03/11/25 05:02:46,521190000 AM GMT','DD/MM/RR HH12:MI:SSXFF AM TZR'));
Insert into APP_OWNER.VARIANTES_PRODUCTO (ID,PRODUCTO_ID,SKU,NOMBRE_ES,NOMBRE_EN,PRECIO_SOBRESCRITO,STOCK_SOBRESCRITO,ACTIVO,CREADO_EN,ACTUALIZADO_EN) values ('48','39','SKU-39',null,null,null,null,'S',to_timestamp_tz('03/11/25 05:02:46,521190000 AM GMT','DD/MM/RR HH12:MI:SSXFF AM TZR'),to_timestamp_tz('03/11/25 05:02:46,521190000 AM GMT','DD/MM/RR HH12:MI:SSXFF AM TZR'));
Insert into APP_OWNER.VARIANTES_PRODUCTO (ID,PRODUCTO_ID,SKU,NOMBRE_ES,NOMBRE_EN,PRECIO_SOBRESCRITO,STOCK_SOBRESCRITO,ACTIVO,CREADO_EN,ACTUALIZADO_EN) values ('49','40','SKU-40',null,null,null,null,'S',to_timestamp_tz('03/11/25 05:02:46,521190000 AM GMT','DD/MM/RR HH12:MI:SSXFF AM TZR'),to_timestamp_tz('03/11/25 05:02:46,521190000 AM GMT','DD/MM/RR HH12:MI:SSXFF AM TZR'));
Insert into APP_OWNER.VARIANTES_PRODUCTO (ID,PRODUCTO_ID,SKU,NOMBRE_ES,NOMBRE_EN,PRECIO_SOBRESCRITO,STOCK_SOBRESCRITO,ACTIVO,CREADO_EN,ACTUALIZADO_EN) values ('50','41','SKU-41',null,null,null,null,'S',to_timestamp_tz('03/11/25 05:02:46,521190000 AM GMT','DD/MM/RR HH12:MI:SSXFF AM TZR'),to_timestamp_tz('03/11/25 05:02:46,521190000 AM GMT','DD/MM/RR HH12:MI:SSXFF AM TZR'));
Insert into APP_OWNER.VARIANTES_PRODUCTO (ID,PRODUCTO_ID,SKU,NOMBRE_ES,NOMBRE_EN,PRECIO_SOBRESCRITO,STOCK_SOBRESCRITO,ACTIVO,CREADO_EN,ACTUALIZADO_EN) values ('51','42','SKU-42',null,null,null,null,'S',to_timestamp_tz('03/11/25 05:02:46,521190000 AM GMT','DD/MM/RR HH12:MI:SSXFF AM TZR'),to_timestamp_tz('03/11/25 05:02:46,521190000 AM GMT','DD/MM/RR HH12:MI:SSXFF AM TZR'));
Insert into APP_OWNER.VARIANTES_PRODUCTO (ID,PRODUCTO_ID,SKU,NOMBRE_ES,NOMBRE_EN,PRECIO_SOBRESCRITO,STOCK_SOBRESCRITO,ACTIVO,CREADO_EN,ACTUALIZADO_EN) values ('52','43','SKU-43',null,null,null,null,'S',to_timestamp_tz('03/11/25 05:02:46,521190000 AM GMT','DD/MM/RR HH12:MI:SSXFF AM TZR'),to_timestamp_tz('03/11/25 05:02:46,521190000 AM GMT','DD/MM/RR HH12:MI:SSXFF AM TZR'));
Insert into APP_OWNER.VARIANTES_PRODUCTO (ID,PRODUCTO_ID,SKU,NOMBRE_ES,NOMBRE_EN,PRECIO_SOBRESCRITO,STOCK_SOBRESCRITO,ACTIVO,CREADO_EN,ACTUALIZADO_EN) values ('53','44','SKU-44',null,null,null,null,'S',to_timestamp_tz('03/11/25 05:02:46,521190000 AM GMT','DD/MM/RR HH12:MI:SSXFF AM TZR'),to_timestamp_tz('03/11/25 05:02:46,521190000 AM GMT','DD/MM/RR HH12:MI:SSXFF AM TZR'));
Insert into APP_OWNER.VARIANTES_PRODUCTO (ID,PRODUCTO_ID,SKU,NOMBRE_ES,NOMBRE_EN,PRECIO_SOBRESCRITO,STOCK_SOBRESCRITO,ACTIVO,CREADO_EN,ACTUALIZADO_EN) values ('54','46','SKU-46',null,null,null,null,'S',to_timestamp_tz('03/11/25 05:02:46,521190000 AM GMT','DD/MM/RR HH12:MI:SSXFF AM TZR'),to_timestamp_tz('03/11/25 05:02:46,521190000 AM GMT','DD/MM/RR HH12:MI:SSXFF AM TZR'));
Insert into APP_OWNER.VARIANTES_PRODUCTO (ID,PRODUCTO_ID,SKU,NOMBRE_ES,NOMBRE_EN,PRECIO_SOBRESCRITO,STOCK_SOBRESCRITO,ACTIVO,CREADO_EN,ACTUALIZADO_EN) values ('55','47','SKU-47',null,null,null,null,'S',to_timestamp_tz('03/11/25 05:02:46,521190000 AM GMT','DD/MM/RR HH12:MI:SSXFF AM TZR'),to_timestamp_tz('03/11/25 05:02:46,521190000 AM GMT','DD/MM/RR HH12:MI:SSXFF AM TZR'));
Insert into APP_OWNER.VARIANTES_PRODUCTO (ID,PRODUCTO_ID,SKU,NOMBRE_ES,NOMBRE_EN,PRECIO_SOBRESCRITO,STOCK_SOBRESCRITO,ACTIVO,CREADO_EN,ACTUALIZADO_EN) values ('56','48','SKU-48',null,null,null,null,'S',to_timestamp_tz('03/11/25 05:02:46,521190000 AM GMT','DD/MM/RR HH12:MI:SSXFF AM TZR'),to_timestamp_tz('03/11/25 05:02:46,521190000 AM GMT','DD/MM/RR HH12:MI:SSXFF AM TZR'));
Insert into APP_OWNER.VARIANTES_PRODUCTO (ID,PRODUCTO_ID,SKU,NOMBRE_ES,NOMBRE_EN,PRECIO_SOBRESCRITO,STOCK_SOBRESCRITO,ACTIVO,CREADO_EN,ACTUALIZADO_EN) values ('57','49','SKU-49',null,null,null,null,'S',to_timestamp_tz('03/11/25 05:02:46,521190000 AM GMT','DD/MM/RR HH12:MI:SSXFF AM TZR'),to_timestamp_tz('03/11/25 05:02:46,521190000 AM GMT','DD/MM/RR HH12:MI:SSXFF AM TZR'));
Insert into APP_OWNER.VARIANTES_PRODUCTO (ID,PRODUCTO_ID,SKU,NOMBRE_ES,NOMBRE_EN,PRECIO_SOBRESCRITO,STOCK_SOBRESCRITO,ACTIVO,CREADO_EN,ACTUALIZADO_EN) values ('58','50','SKU-50',null,null,null,null,'S',to_timestamp_tz('03/11/25 05:02:46,521190000 AM GMT','DD/MM/RR HH12:MI:SSXFF AM TZR'),to_timestamp_tz('03/11/25 05:02:46,521190000 AM GMT','DD/MM/RR HH12:MI:SSXFF AM TZR'));
Insert into APP_OWNER.VARIANTES_PRODUCTO (ID,PRODUCTO_ID,SKU,NOMBRE_ES,NOMBRE_EN,PRECIO_SOBRESCRITO,STOCK_SOBRESCRITO,ACTIVO,CREADO_EN,ACTUALIZADO_EN) values ('59','51','SKU-51',null,null,null,null,'S',to_timestamp_tz('03/11/25 05:02:46,521190000 AM GMT','DD/MM/RR HH12:MI:SSXFF AM TZR'),to_timestamp_tz('03/11/25 05:02:46,521190000 AM GMT','DD/MM/RR HH12:MI:SSXFF AM TZR'));
Insert into APP_OWNER.VARIANTES_PRODUCTO (ID,PRODUCTO_ID,SKU,NOMBRE_ES,NOMBRE_EN,PRECIO_SOBRESCRITO,STOCK_SOBRESCRITO,ACTIVO,CREADO_EN,ACTUALIZADO_EN) values ('60','52','SKU-52',null,null,null,null,'S',to_timestamp_tz('03/11/25 05:02:46,521190000 AM GMT','DD/MM/RR HH12:MI:SSXFF AM TZR'),to_timestamp_tz('03/11/25 05:02:46,521190000 AM GMT','DD/MM/RR HH12:MI:SSXFF AM TZR'));
Insert into APP_OWNER.VARIANTES_PRODUCTO (ID,PRODUCTO_ID,SKU,NOMBRE_ES,NOMBRE_EN,PRECIO_SOBRESCRITO,STOCK_SOBRESCRITO,ACTIVO,CREADO_EN,ACTUALIZADO_EN) values ('61','53','SKU-53',null,null,null,null,'S',to_timestamp_tz('03/11/25 05:02:46,521190000 AM GMT','DD/MM/RR HH12:MI:SSXFF AM TZR'),to_timestamp_tz('03/11/25 05:02:46,521190000 AM GMT','DD/MM/RR HH12:MI:SSXFF AM TZR'));
Insert into APP_OWNER.VARIANTES_PRODUCTO (ID,PRODUCTO_ID,SKU,NOMBRE_ES,NOMBRE_EN,PRECIO_SOBRESCRITO,STOCK_SOBRESCRITO,ACTIVO,CREADO_EN,ACTUALIZADO_EN) values ('62','54','SKU-54',null,null,null,null,'S',to_timestamp_tz('03/11/25 05:02:46,521190000 AM GMT','DD/MM/RR HH12:MI:SSXFF AM TZR'),to_timestamp_tz('03/11/25 05:02:46,521190000 AM GMT','DD/MM/RR HH12:MI:SSXFF AM TZR'));
Insert into APP_OWNER.VARIANTES_PRODUCTO (ID,PRODUCTO_ID,SKU,NOMBRE_ES,NOMBRE_EN,PRECIO_SOBRESCRITO,STOCK_SOBRESCRITO,ACTIVO,CREADO_EN,ACTUALIZADO_EN) values ('63','55','SKU-55',null,null,null,null,'S',to_timestamp_tz('03/11/25 05:02:46,521190000 AM GMT','DD/MM/RR HH12:MI:SSXFF AM TZR'),to_timestamp_tz('03/11/25 05:02:46,521190000 AM GMT','DD/MM/RR HH12:MI:SSXFF AM TZR'));
Insert into APP_OWNER.VARIANTES_PRODUCTO (ID,PRODUCTO_ID,SKU,NOMBRE_ES,NOMBRE_EN,PRECIO_SOBRESCRITO,STOCK_SOBRESCRITO,ACTIVO,CREADO_EN,ACTUALIZADO_EN) values ('64','57','SKU-57',null,null,null,null,'S',to_timestamp_tz('03/11/25 05:02:46,521190000 AM GMT','DD/MM/RR HH12:MI:SSXFF AM TZR'),to_timestamp_tz('03/11/25 05:02:46,521190000 AM GMT','DD/MM/RR HH12:MI:SSXFF AM TZR'));
Insert into APP_OWNER.VARIANTES_PRODUCTO (ID,PRODUCTO_ID,SKU,NOMBRE_ES,NOMBRE_EN,PRECIO_SOBRESCRITO,STOCK_SOBRESCRITO,ACTIVO,CREADO_EN,ACTUALIZADO_EN) values ('65','58','SKU-58',null,null,null,null,'S',to_timestamp_tz('03/11/25 05:02:46,521190000 AM GMT','DD/MM/RR HH12:MI:SSXFF AM TZR'),to_timestamp_tz('03/11/25 05:02:46,521190000 AM GMT','DD/MM/RR HH12:MI:SSXFF AM TZR'));
Insert into APP_OWNER.VARIANTES_PRODUCTO (ID,PRODUCTO_ID,SKU,NOMBRE_ES,NOMBRE_EN,PRECIO_SOBRESCRITO,STOCK_SOBRESCRITO,ACTIVO,CREADO_EN,ACTUALIZADO_EN) values ('66','59','SKU-59',null,null,null,null,'S',to_timestamp_tz('03/11/25 05:02:46,521190000 AM GMT','DD/MM/RR HH12:MI:SSXFF AM TZR'),to_timestamp_tz('03/11/25 05:02:46,521190000 AM GMT','DD/MM/RR HH12:MI:SSXFF AM TZR'));
Insert into APP_OWNER.VARIANTES_PRODUCTO (ID,PRODUCTO_ID,SKU,NOMBRE_ES,NOMBRE_EN,PRECIO_SOBRESCRITO,STOCK_SOBRESCRITO,ACTIVO,CREADO_EN,ACTUALIZADO_EN) values ('67','60','SKU-60',null,null,null,null,'S',to_timestamp_tz('03/11/25 05:02:46,521190000 AM GMT','DD/MM/RR HH12:MI:SSXFF AM TZR'),to_timestamp_tz('03/11/25 05:02:46,521190000 AM GMT','DD/MM/RR HH12:MI:SSXFF AM TZR'));
Insert into APP_OWNER.VARIANTES_PRODUCTO (ID,PRODUCTO_ID,SKU,NOMBRE_ES,NOMBRE_EN,PRECIO_SOBRESCRITO,STOCK_SOBRESCRITO,ACTIVO,CREADO_EN,ACTUALIZADO_EN) values ('68','61','SKU-61',null,null,null,null,'S',to_timestamp_tz('03/11/25 05:02:46,521190000 AM GMT','DD/MM/RR HH12:MI:SSXFF AM TZR'),to_timestamp_tz('03/11/25 05:02:46,521190000 AM GMT','DD/MM/RR HH12:MI:SSXFF AM TZR'));
Insert into APP_OWNER.VARIANTES_PRODUCTO (ID,PRODUCTO_ID,SKU,NOMBRE_ES,NOMBRE_EN,PRECIO_SOBRESCRITO,STOCK_SOBRESCRITO,ACTIVO,CREADO_EN,ACTUALIZADO_EN) values ('69','62','SKU-62',null,null,null,null,'S',to_timestamp_tz('03/11/25 05:02:46,521190000 AM GMT','DD/MM/RR HH12:MI:SSXFF AM TZR'),to_timestamp_tz('03/11/25 05:02:46,521190000 AM GMT','DD/MM/RR HH12:MI:SSXFF AM TZR'));
Insert into APP_OWNER.VARIANTES_PRODUCTO (ID,PRODUCTO_ID,SKU,NOMBRE_ES,NOMBRE_EN,PRECIO_SOBRESCRITO,STOCK_SOBRESCRITO,ACTIVO,CREADO_EN,ACTUALIZADO_EN) values ('70','63','SKU-63',null,null,null,null,'S',to_timestamp_tz('03/11/25 05:02:46,521190000 AM GMT','DD/MM/RR HH12:MI:SSXFF AM TZR'),to_timestamp_tz('03/11/25 05:02:46,521190000 AM GMT','DD/MM/RR HH12:MI:SSXFF AM TZR'));
Insert into APP_OWNER.VARIANTES_PRODUCTO (ID,PRODUCTO_ID,SKU,NOMBRE_ES,NOMBRE_EN,PRECIO_SOBRESCRITO,STOCK_SOBRESCRITO,ACTIVO,CREADO_EN,ACTUALIZADO_EN) values ('71','64','SKU-64',null,null,null,null,'S',to_timestamp_tz('03/11/25 05:02:46,521190000 AM GMT','DD/MM/RR HH12:MI:SSXFF AM TZR'),to_timestamp_tz('03/11/25 05:02:46,521190000 AM GMT','DD/MM/RR HH12:MI:SSXFF AM TZR'));
Insert into APP_OWNER.VARIANTES_PRODUCTO (ID,PRODUCTO_ID,SKU,NOMBRE_ES,NOMBRE_EN,PRECIO_SOBRESCRITO,STOCK_SOBRESCRITO,ACTIVO,CREADO_EN,ACTUALIZADO_EN) values ('72','65','SKU-65',null,null,null,null,'S',to_timestamp_tz('03/11/25 05:02:46,521190000 AM GMT','DD/MM/RR HH12:MI:SSXFF AM TZR'),to_timestamp_tz('03/11/25 05:02:46,521190000 AM GMT','DD/MM/RR HH12:MI:SSXFF AM TZR'));
Insert into APP_OWNER.VARIANTES_PRODUCTO (ID,PRODUCTO_ID,SKU,NOMBRE_ES,NOMBRE_EN,PRECIO_SOBRESCRITO,STOCK_SOBRESCRITO,ACTIVO,CREADO_EN,ACTUALIZADO_EN) values ('73','66','SKU-66',null,null,null,null,'S',to_timestamp_tz('03/11/25 05:02:46,521190000 AM GMT','DD/MM/RR HH12:MI:SSXFF AM TZR'),to_timestamp_tz('03/11/25 05:02:46,521190000 AM GMT','DD/MM/RR HH12:MI:SSXFF AM TZR'));
Insert into APP_OWNER.VARIANTES_PRODUCTO (ID,PRODUCTO_ID,SKU,NOMBRE_ES,NOMBRE_EN,PRECIO_SOBRESCRITO,STOCK_SOBRESCRITO,ACTIVO,CREADO_EN,ACTUALIZADO_EN) values ('74','68','SKU-68',null,null,null,null,'S',to_timestamp_tz('03/11/25 05:02:46,521190000 AM GMT','DD/MM/RR HH12:MI:SSXFF AM TZR'),to_timestamp_tz('03/11/25 05:02:46,521190000 AM GMT','DD/MM/RR HH12:MI:SSXFF AM TZR'));
Insert into APP_OWNER.VARIANTES_PRODUCTO (ID,PRODUCTO_ID,SKU,NOMBRE_ES,NOMBRE_EN,PRECIO_SOBRESCRITO,STOCK_SOBRESCRITO,ACTIVO,CREADO_EN,ACTUALIZADO_EN) values ('75','69','SKU-69',null,null,null,null,'S',to_timestamp_tz('03/11/25 05:02:46,521190000 AM GMT','DD/MM/RR HH12:MI:SSXFF AM TZR'),to_timestamp_tz('03/11/25 05:02:46,521190000 AM GMT','DD/MM/RR HH12:MI:SSXFF AM TZR'));
Insert into APP_OWNER.VARIANTES_PRODUCTO (ID,PRODUCTO_ID,SKU,NOMBRE_ES,NOMBRE_EN,PRECIO_SOBRESCRITO,STOCK_SOBRESCRITO,ACTIVO,CREADO_EN,ACTUALIZADO_EN) values ('76','71','SKU-71',null,null,null,null,'S',to_timestamp_tz('03/11/25 05:02:46,521190000 AM GMT','DD/MM/RR HH12:MI:SSXFF AM TZR'),to_timestamp_tz('03/11/25 05:02:46,521190000 AM GMT','DD/MM/RR HH12:MI:SSXFF AM TZR'));
Insert into APP_OWNER.VARIANTES_PRODUCTO (ID,PRODUCTO_ID,SKU,NOMBRE_ES,NOMBRE_EN,PRECIO_SOBRESCRITO,STOCK_SOBRESCRITO,ACTIVO,CREADO_EN,ACTUALIZADO_EN) values ('77','72','SKU-72',null,null,null,null,'S',to_timestamp_tz('03/11/25 05:02:46,521190000 AM GMT','DD/MM/RR HH12:MI:SSXFF AM TZR'),to_timestamp_tz('03/11/25 05:02:46,521190000 AM GMT','DD/MM/RR HH12:MI:SSXFF AM TZR'));
Insert into APP_OWNER.VARIANTES_PRODUCTO (ID,PRODUCTO_ID,SKU,NOMBRE_ES,NOMBRE_EN,PRECIO_SOBRESCRITO,STOCK_SOBRESCRITO,ACTIVO,CREADO_EN,ACTUALIZADO_EN) values ('78','73','SKU-73',null,null,null,null,'S',to_timestamp_tz('03/11/25 05:02:46,521190000 AM GMT','DD/MM/RR HH12:MI:SSXFF AM TZR'),to_timestamp_tz('03/11/25 05:02:46,521190000 AM GMT','DD/MM/RR HH12:MI:SSXFF AM TZR'));
Insert into APP_OWNER.VARIANTES_PRODUCTO (ID,PRODUCTO_ID,SKU,NOMBRE_ES,NOMBRE_EN,PRECIO_SOBRESCRITO,STOCK_SOBRESCRITO,ACTIVO,CREADO_EN,ACTUALIZADO_EN) values ('79','74','SKU-74',null,null,null,null,'S',to_timestamp_tz('03/11/25 05:02:46,521190000 AM GMT','DD/MM/RR HH12:MI:SSXFF AM TZR'),to_timestamp_tz('03/11/25 05:02:46,521190000 AM GMT','DD/MM/RR HH12:MI:SSXFF AM TZR'));
Insert into APP_OWNER.VARIANTES_PRODUCTO (ID,PRODUCTO_ID,SKU,NOMBRE_ES,NOMBRE_EN,PRECIO_SOBRESCRITO,STOCK_SOBRESCRITO,ACTIVO,CREADO_EN,ACTUALIZADO_EN) values ('80','75','SKU-75',null,null,null,null,'S',to_timestamp_tz('03/11/25 05:02:46,521190000 AM GMT','DD/MM/RR HH12:MI:SSXFF AM TZR'),to_timestamp_tz('03/11/25 05:02:46,521190000 AM GMT','DD/MM/RR HH12:MI:SSXFF AM TZR'));
Insert into APP_OWNER.VARIANTES_PRODUCTO (ID,PRODUCTO_ID,SKU,NOMBRE_ES,NOMBRE_EN,PRECIO_SOBRESCRITO,STOCK_SOBRESCRITO,ACTIVO,CREADO_EN,ACTUALIZADO_EN) values ('81','76','SKU-76',null,null,null,null,'S',to_timestamp_tz('03/11/25 05:02:46,521190000 AM GMT','DD/MM/RR HH12:MI:SSXFF AM TZR'),to_timestamp_tz('03/11/25 05:02:46,521190000 AM GMT','DD/MM/RR HH12:MI:SSXFF AM TZR'));
Insert into APP_OWNER.VARIANTES_PRODUCTO (ID,PRODUCTO_ID,SKU,NOMBRE_ES,NOMBRE_EN,PRECIO_SOBRESCRITO,STOCK_SOBRESCRITO,ACTIVO,CREADO_EN,ACTUALIZADO_EN) values ('82','77','SKU-77',null,null,null,null,'S',to_timestamp_tz('03/11/25 05:02:46,521190000 AM GMT','DD/MM/RR HH12:MI:SSXFF AM TZR'),to_timestamp_tz('03/11/25 05:02:46,521190000 AM GMT','DD/MM/RR HH12:MI:SSXFF AM TZR'));
Insert into APP_OWNER.VARIANTES_PRODUCTO (ID,PRODUCTO_ID,SKU,NOMBRE_ES,NOMBRE_EN,PRECIO_SOBRESCRITO,STOCK_SOBRESCRITO,ACTIVO,CREADO_EN,ACTUALIZADO_EN) values ('83','79','SKU-79',null,null,null,null,'S',to_timestamp_tz('03/11/25 05:02:46,521190000 AM GMT','DD/MM/RR HH12:MI:SSXFF AM TZR'),to_timestamp_tz('03/11/25 05:02:46,521190000 AM GMT','DD/MM/RR HH12:MI:SSXFF AM TZR'));
Insert into APP_OWNER.VARIANTES_PRODUCTO (ID,PRODUCTO_ID,SKU,NOMBRE_ES,NOMBRE_EN,PRECIO_SOBRESCRITO,STOCK_SOBRESCRITO,ACTIVO,CREADO_EN,ACTUALIZADO_EN) values ('84','80','SKU-80',null,null,null,null,'S',to_timestamp_tz('03/11/25 05:02:46,521190000 AM GMT','DD/MM/RR HH12:MI:SSXFF AM TZR'),to_timestamp_tz('03/11/25 05:02:46,521190000 AM GMT','DD/MM/RR HH12:MI:SSXFF AM TZR'));
Insert into APP_OWNER.VARIANTES_PRODUCTO (ID,PRODUCTO_ID,SKU,NOMBRE_ES,NOMBRE_EN,PRECIO_SOBRESCRITO,STOCK_SOBRESCRITO,ACTIVO,CREADO_EN,ACTUALIZADO_EN) values ('85','81','SKU-81',null,null,null,null,'S',to_timestamp_tz('03/11/25 05:02:46,521190000 AM GMT','DD/MM/RR HH12:MI:SSXFF AM TZR'),to_timestamp_tz('03/11/25 05:02:46,521190000 AM GMT','DD/MM/RR HH12:MI:SSXFF AM TZR'));
Insert into APP_OWNER.VARIANTES_PRODUCTO (ID,PRODUCTO_ID,SKU,NOMBRE_ES,NOMBRE_EN,PRECIO_SOBRESCRITO,STOCK_SOBRESCRITO,ACTIVO,CREADO_EN,ACTUALIZADO_EN) values ('86','82','SKU-82',null,null,null,null,'S',to_timestamp_tz('03/11/25 05:02:46,521190000 AM GMT','DD/MM/RR HH12:MI:SSXFF AM TZR'),to_timestamp_tz('03/11/25 05:02:46,521190000 AM GMT','DD/MM/RR HH12:MI:SSXFF AM TZR'));
Insert into APP_OWNER.VARIANTES_PRODUCTO (ID,PRODUCTO_ID,SKU,NOMBRE_ES,NOMBRE_EN,PRECIO_SOBRESCRITO,STOCK_SOBRESCRITO,ACTIVO,CREADO_EN,ACTUALIZADO_EN) values ('87','83','SKU-83',null,null,null,null,'S',to_timestamp_tz('03/11/25 05:02:46,521190000 AM GMT','DD/MM/RR HH12:MI:SSXFF AM TZR'),to_timestamp_tz('03/11/25 05:02:46,521190000 AM GMT','DD/MM/RR HH12:MI:SSXFF AM TZR'));
Insert into APP_OWNER.VARIANTES_PRODUCTO (ID,PRODUCTO_ID,SKU,NOMBRE_ES,NOMBRE_EN,PRECIO_SOBRESCRITO,STOCK_SOBRESCRITO,ACTIVO,CREADO_EN,ACTUALIZADO_EN) values ('88','84','SKU-84',null,null,null,null,'S',to_timestamp_tz('03/11/25 05:02:46,521190000 AM GMT','DD/MM/RR HH12:MI:SSXFF AM TZR'),to_timestamp_tz('03/11/25 05:02:46,521190000 AM GMT','DD/MM/RR HH12:MI:SSXFF AM TZR'));
Insert into APP_OWNER.VARIANTES_PRODUCTO (ID,PRODUCTO_ID,SKU,NOMBRE_ES,NOMBRE_EN,PRECIO_SOBRESCRITO,STOCK_SOBRESCRITO,ACTIVO,CREADO_EN,ACTUALIZADO_EN) values ('89','85','SKU-85',null,null,null,null,'S',to_timestamp_tz('03/11/25 05:02:46,521190000 AM GMT','DD/MM/RR HH12:MI:SSXFF AM TZR'),to_timestamp_tz('03/11/25 05:02:46,521190000 AM GMT','DD/MM/RR HH12:MI:SSXFF AM TZR'));
Insert into APP_OWNER.VARIANTES_PRODUCTO (ID,PRODUCTO_ID,SKU,NOMBRE_ES,NOMBRE_EN,PRECIO_SOBRESCRITO,STOCK_SOBRESCRITO,ACTIVO,CREADO_EN,ACTUALIZADO_EN) values ('90','86','SKU-86',null,null,null,null,'S',to_timestamp_tz('03/11/25 05:02:46,521190000 AM GMT','DD/MM/RR HH12:MI:SSXFF AM TZR'),to_timestamp_tz('03/11/25 05:02:46,521190000 AM GMT','DD/MM/RR HH12:MI:SSXFF AM TZR'));
Insert into APP_OWNER.VARIANTES_PRODUCTO (ID,PRODUCTO_ID,SKU,NOMBRE_ES,NOMBRE_EN,PRECIO_SOBRESCRITO,STOCK_SOBRESCRITO,ACTIVO,CREADO_EN,ACTUALIZADO_EN) values ('91','87','SKU-87',null,null,null,null,'S',to_timestamp_tz('03/11/25 05:02:46,521190000 AM GMT','DD/MM/RR HH12:MI:SSXFF AM TZR'),to_timestamp_tz('03/11/25 05:02:46,521190000 AM GMT','DD/MM/RR HH12:MI:SSXFF AM TZR'));
Insert into APP_OWNER.VARIANTES_PRODUCTO (ID,PRODUCTO_ID,SKU,NOMBRE_ES,NOMBRE_EN,PRECIO_SOBRESCRITO,STOCK_SOBRESCRITO,ACTIVO,CREADO_EN,ACTUALIZADO_EN) values ('92','88','SKU-88',null,null,null,null,'S',to_timestamp_tz('03/11/25 05:02:46,521190000 AM GMT','DD/MM/RR HH12:MI:SSXFF AM TZR'),to_timestamp_tz('03/11/25 05:02:46,521190000 AM GMT','DD/MM/RR HH12:MI:SSXFF AM TZR'));
Insert into APP_OWNER.VARIANTES_PRODUCTO (ID,PRODUCTO_ID,SKU,NOMBRE_ES,NOMBRE_EN,PRECIO_SOBRESCRITO,STOCK_SOBRESCRITO,ACTIVO,CREADO_EN,ACTUALIZADO_EN) values ('93','90','SKU-90',null,null,null,null,'S',to_timestamp_tz('03/11/25 05:02:46,521190000 AM GMT','DD/MM/RR HH12:MI:SSXFF AM TZR'),to_timestamp_tz('03/11/25 05:02:46,521190000 AM GMT','DD/MM/RR HH12:MI:SSXFF AM TZR'));
Insert into APP_OWNER.VARIANTES_PRODUCTO (ID,PRODUCTO_ID,SKU,NOMBRE_ES,NOMBRE_EN,PRECIO_SOBRESCRITO,STOCK_SOBRESCRITO,ACTIVO,CREADO_EN,ACTUALIZADO_EN) values ('94','91','SKU-91',null,null,null,null,'S',to_timestamp_tz('03/11/25 05:02:46,521190000 AM GMT','DD/MM/RR HH12:MI:SSXFF AM TZR'),to_timestamp_tz('03/11/25 05:02:46,521190000 AM GMT','DD/MM/RR HH12:MI:SSXFF AM TZR'));
Insert into APP_OWNER.VARIANTES_PRODUCTO (ID,PRODUCTO_ID,SKU,NOMBRE_ES,NOMBRE_EN,PRECIO_SOBRESCRITO,STOCK_SOBRESCRITO,ACTIVO,CREADO_EN,ACTUALIZADO_EN) values ('95','92','SKU-92',null,null,null,null,'S',to_timestamp_tz('03/11/25 05:02:46,521190000 AM GMT','DD/MM/RR HH12:MI:SSXFF AM TZR'),to_timestamp_tz('03/11/25 05:02:46,521190000 AM GMT','DD/MM/RR HH12:MI:SSXFF AM TZR'));
REM INSERTING into APP_OWNER.WEBHOOK_BANDEJA_SALIDA
SET DEFINE OFF;
Insert into APP_OWNER.WEBHOOK_BANDEJA_SALIDA (ID,TEMA,CLAVE_IDEMPOTENCIA,ESTADO,REINTENTOS,CREADO_EN,ACTUALIZADO_EN) values ('1','ORDER_CANCELLED','CANCEL-37','pendiente','0',to_timestamp_tz('03/11/25 11:53:23,643923000 PM GMT','DD/MM/RR HH12:MI:SSXFF AM TZR'),to_timestamp_tz('03/11/25 11:53:23,643923000 PM GMT','DD/MM/RR HH12:MI:SSXFF AM TZR'));
Insert into APP_OWNER.WEBHOOK_BANDEJA_SALIDA (ID,TEMA,CLAVE_IDEMPOTENCIA,ESTADO,REINTENTOS,CREADO_EN,ACTUALIZADO_EN) values ('2','ORDER_CANCELLED','CANCEL-38','pendiente','0',to_timestamp_tz('03/11/25 11:53:23,692923000 PM GMT','DD/MM/RR HH12:MI:SSXFF AM TZR'),to_timestamp_tz('03/11/25 11:53:23,692923000 PM GMT','DD/MM/RR HH12:MI:SSXFF AM TZR'));
Insert into APP_OWNER.WEBHOOK_BANDEJA_SALIDA (ID,TEMA,CLAVE_IDEMPOTENCIA,ESTADO,REINTENTOS,CREADO_EN,ACTUALIZADO_EN) values ('3','ORDER_CANCELLED','CANCEL-39','pendiente','0',to_timestamp_tz('03/11/25 11:53:23,734678000 PM GMT','DD/MM/RR HH12:MI:SSXFF AM TZR'),to_timestamp_tz('03/11/25 11:53:23,734678000 PM GMT','DD/MM/RR HH12:MI:SSXFF AM TZR'));
Insert into APP_OWNER.WEBHOOK_BANDEJA_SALIDA (ID,TEMA,CLAVE_IDEMPOTENCIA,ESTADO,REINTENTOS,CREADO_EN,ACTUALIZADO_EN) values ('4','ORDER_CANCELLED','CANCEL-40','pendiente','0',to_timestamp_tz('03/11/25 11:53:23,781934000 PM GMT','DD/MM/RR HH12:MI:SSXFF AM TZR'),to_timestamp_tz('03/11/25 11:53:23,781934000 PM GMT','DD/MM/RR HH12:MI:SSXFF AM TZR'));
Insert into APP_OWNER.WEBHOOK_BANDEJA_SALIDA (ID,TEMA,CLAVE_IDEMPOTENCIA,ESTADO,REINTENTOS,CREADO_EN,ACTUALIZADO_EN) values ('5','ORDER_CANCELLED','CANCEL-41','pendiente','0',to_timestamp_tz('03/11/25 11:53:23,829777000 PM GMT','DD/MM/RR HH12:MI:SSXFF AM TZR'),to_timestamp_tz('03/11/25 11:53:23,829777000 PM GMT','DD/MM/RR HH12:MI:SSXFF AM TZR'));
Insert into APP_OWNER.WEBHOOK_BANDEJA_SALIDA (ID,TEMA,CLAVE_IDEMPOTENCIA,ESTADO,REINTENTOS,CREADO_EN,ACTUALIZADO_EN) values ('6','ORDER_CANCELLED','CANCEL-42','pendiente','0',to_timestamp_tz('03/11/25 11:53:23,874391000 PM GMT','DD/MM/RR HH12:MI:SSXFF AM TZR'),to_timestamp_tz('03/11/25 11:53:23,874391000 PM GMT','DD/MM/RR HH12:MI:SSXFF AM TZR'));
Insert into APP_OWNER.WEBHOOK_BANDEJA_SALIDA (ID,TEMA,CLAVE_IDEMPOTENCIA,ESTADO,REINTENTOS,CREADO_EN,ACTUALIZADO_EN) values ('7','ORDER_CANCELLED','CANCEL-43','pendiente','0',to_timestamp_tz('03/11/25 11:53:23,916993000 PM GMT','DD/MM/RR HH12:MI:SSXFF AM TZR'),to_timestamp_tz('03/11/25 11:53:23,916993000 PM GMT','DD/MM/RR HH12:MI:SSXFF AM TZR'));
Insert into APP_OWNER.WEBHOOK_BANDEJA_SALIDA (ID,TEMA,CLAVE_IDEMPOTENCIA,ESTADO,REINTENTOS,CREADO_EN,ACTUALIZADO_EN) values ('8','ORDER_CANCELLED','CANCEL-44','pendiente','0',to_timestamp_tz('03/11/25 11:53:23,958355000 PM GMT','DD/MM/RR HH12:MI:SSXFF AM TZR'),to_timestamp_tz('03/11/25 11:53:23,958355000 PM GMT','DD/MM/RR HH12:MI:SSXFF AM TZR'));
Insert into APP_OWNER.WEBHOOK_BANDEJA_SALIDA (ID,TEMA,CLAVE_IDEMPOTENCIA,ESTADO,REINTENTOS,CREADO_EN,ACTUALIZADO_EN) values ('9','ORDER_CANCELLED','CANCEL-45','pendiente','0',to_timestamp_tz('03/11/25 11:53:24,002202000 PM GMT','DD/MM/RR HH12:MI:SSXFF AM TZR'),to_timestamp_tz('03/11/25 11:53:24,002202000 PM GMT','DD/MM/RR HH12:MI:SSXFF AM TZR'));
Insert into APP_OWNER.WEBHOOK_BANDEJA_SALIDA (ID,TEMA,CLAVE_IDEMPOTENCIA,ESTADO,REINTENTOS,CREADO_EN,ACTUALIZADO_EN) values ('10','ORDER_CANCELLED','CANCEL-46','pendiente','0',to_timestamp_tz('03/11/25 11:53:24,044140000 PM GMT','DD/MM/RR HH12:MI:SSXFF AM TZR'),to_timestamp_tz('03/11/25 11:53:24,044140000 PM GMT','DD/MM/RR HH12:MI:SSXFF AM TZR'));
REM INSERTING into APP_OWNER.WISHLIST_ITEMS
SET DEFINE OFF;
Insert into APP_OWNER.WISHLIST_ITEMS (ID,WISHLIST_ID,PRODUCTO_ID,VARIANTE_ID,CREADO_EN) values ('1','1','70','1',to_timestamp_tz('03/11/25 05:58:48,249260000 PM GMT','DD/MM/RR HH12:MI:SSXFF AM TZR'));
Insert into APP_OWNER.WISHLIST_ITEMS (ID,WISHLIST_ID,PRODUCTO_ID,VARIANTE_ID,CREADO_EN) values ('2','1','36','3',to_timestamp_tz('03/11/25 05:58:48,344186000 PM GMT','DD/MM/RR HH12:MI:SSXFF AM TZR'));
Insert into APP_OWNER.WISHLIST_ITEMS (ID,WISHLIST_ID,PRODUCTO_ID,VARIANTE_ID,CREADO_EN) values ('3','2','33','5',to_timestamp_tz('03/11/25 05:58:48,440709000 PM GMT','DD/MM/RR HH12:MI:SSXFF AM TZR'));
Insert into APP_OWNER.WISHLIST_ITEMS (ID,WISHLIST_ID,PRODUCTO_ID,VARIANTE_ID,CREADO_EN) values ('4','3','36','4',to_timestamp_tz('03/11/25 05:58:48,534962000 PM GMT','DD/MM/RR HH12:MI:SSXFF AM TZR'));
Insert into APP_OWNER.WISHLIST_ITEMS (ID,WISHLIST_ID,PRODUCTO_ID,VARIANTE_ID,CREADO_EN) values ('5','4','70','2',to_timestamp_tz('03/11/25 05:58:48,627845000 PM GMT','DD/MM/RR HH12:MI:SSXFF AM TZR'));
Insert into APP_OWNER.WISHLIST_ITEMS (ID,WISHLIST_ID,PRODUCTO_ID,VARIANTE_ID,CREADO_EN) values ('6','4','33','6',to_timestamp_tz('03/11/25 05:58:48,723562000 PM GMT','DD/MM/RR HH12:MI:SSXFF AM TZR'));
Insert into APP_OWNER.WISHLIST_ITEMS (ID,WISHLIST_ID,PRODUCTO_ID,VARIANTE_ID,CREADO_EN) values ('7','7','33','5',to_timestamp_tz('03/11/25 05:58:48,818643000 PM GMT','DD/MM/RR HH12:MI:SSXFF AM TZR'));
Insert into APP_OWNER.WISHLIST_ITEMS (ID,WISHLIST_ID,PRODUCTO_ID,VARIANTE_ID,CREADO_EN) values ('8','7','70','1',to_timestamp_tz('03/11/25 05:58:48,910848000 PM GMT','DD/MM/RR HH12:MI:SSXFF AM TZR'));
Insert into APP_OWNER.WISHLIST_ITEMS (ID,WISHLIST_ID,PRODUCTO_ID,VARIANTE_ID,CREADO_EN) values ('9','10','33','6',to_timestamp_tz('03/11/25 05:58:49,005020000 PM GMT','DD/MM/RR HH12:MI:SSXFF AM TZR'));
Insert into APP_OWNER.WISHLIST_ITEMS (ID,WISHLIST_ID,PRODUCTO_ID,VARIANTE_ID,CREADO_EN) values ('10','10','36','3',to_timestamp_tz('03/11/25 05:58:49,099149000 PM GMT','DD/MM/RR HH12:MI:SSXFF AM TZR'));
REM INSERTING into APP_OWNER.WISHLISTS
SET DEFINE OFF;
Insert into APP_OWNER.WISHLISTS (ID,PERFIL_ID,NOMBRE,CREADO_EN) values ('1','1','Mis Favoritos (Ana)',to_timestamp_tz('03/11/25 05:58:39,817956000 PM GMT','DD/MM/RR HH12:MI:SSXFF AM TZR'));
Insert into APP_OWNER.WISHLISTS (ID,PERFIL_ID,NOMBRE,CREADO_EN) values ('2','2','Para la semana (Luis)',to_timestamp_tz('03/11/25 05:58:39,906346000 PM GMT','DD/MM/RR HH12:MI:SSXFF AM TZR'));
Insert into APP_OWNER.WISHLISTS (ID,PERFIL_ID,NOMBRE,CREADO_EN) values ('3','3','Wishlist María',to_timestamp_tz('03/11/25 05:58:40,000393000 PM GMT','DD/MM/RR HH12:MI:SSXFF AM TZR'));
Insert into APP_OWNER.WISHLISTS (ID,PERFIL_ID,NOMBRE,CREADO_EN) values ('4','4','Ideas Regalo (Jorge)',to_timestamp_tz('03/11/25 05:58:40,090852000 PM GMT','DD/MM/RR HH12:MI:SSXFF AM TZR'));
Insert into APP_OWNER.WISHLISTS (ID,PERFIL_ID,NOMBRE,CREADO_EN) values ('5','5','Favoritos Carla',to_timestamp_tz('03/11/25 05:58:40,180038000 PM GMT','DD/MM/RR HH12:MI:SSXFF AM TZR'));
Insert into APP_OWNER.WISHLISTS (ID,PERFIL_ID,NOMBRE,CREADO_EN) values ('6','6','Mi lista (Diego)',to_timestamp_tz('03/11/25 05:58:40,270384000 PM GMT','DD/MM/RR HH12:MI:SSXFF AM TZR'));
Insert into APP_OWNER.WISHLISTS (ID,PERFIL_ID,NOMBRE,CREADO_EN) values ('7','7','Guardado (Sofía)',to_timestamp_tz('03/11/25 05:58:40,363589000 PM GMT','DD/MM/RR HH12:MI:SSXFF AM TZR'));
Insert into APP_OWNER.WISHLISTS (ID,PERFIL_ID,NOMBRE,CREADO_EN) values ('8','8','Favoritos Ricardo',to_timestamp_tz('03/11/25 05:58:40,454772000 PM GMT','DD/MM/RR HH12:MI:SSXFF AM TZR'));
Insert into APP_OWNER.WISHLISTS (ID,PERFIL_ID,NOMBRE,CREADO_EN) values ('9','9','Lista de Valeria',to_timestamp_tz('03/11/25 05:58:40,545474000 PM GMT','DD/MM/RR HH12:MI:SSXFF AM TZR'));
Insert into APP_OWNER.WISHLISTS (ID,PERFIL_ID,NOMBRE,CREADO_EN) values ('10','10','Compras recurrentes (Andrés)',to_timestamp_tz('03/11/25 05:58:40,638742000 PM GMT','DD/MM/RR HH12:MI:SSXFF AM TZR'));
